Workbook

Sheet 建设规模表-硬件
A1: 序号 | B1: 区域 | C1: 设备类型 | D1: 设备名称 | E1: 数量 （全量） | F1: 单位 | G1: 型号 | H1: 厂商 | I1: 参数配置 | J1: 设备物理尺寸
A2: 一、崇左城南二楼机房
A3: 1 | B3: 管理区 | C3: 交换机 | D3: 核心交换机 | E3: 2 | F3: 台 | G3: CE16804 | H3: 华为 | I3: 高度：9.8U 电源：3*3000WAC 端口：1块36*40G+1块48*10G 交换容量：387Tbps/1161Tbps 包转发率：115200Mpps | J3: 10U
A4: 2 | B4: 管理区 | C4: 交换机 | D4: 管理区万兆管理交换机 | E4: 4 | F4: 台 | G4: CE6881H-48S6CQ | H4: 华为 | I4: 高度：1U 电源：1+1AC 端口：48×10GE 光口＋6×40GE 光口，支持堆叠,支持IPv6；满配多模光模块 交换容量：4.8Tbps/96Tbps 包转发率：2000Mpps | J4: 1U
A5: 3 | B5: 管理区 | C5: 交换机 | D5: 运维区万兆交换机 | E5: 2 | F5: 台 | G5: CE6881H-48S6CQ | H5: 华为 | I5: 高度：1U 电源：1+1AC 端口：48×10GE 光口＋6×40GE 光口，支持堆叠,支持IPv6；满配多模光模块 交换容量：4.8Tbps/96Tbps 包转发率：2000Mpps | J5: 1U
A6: 4 | B6: 管理区 | C6: 安全设备 | D6: 管理防火墙 | E6: 2 | F6: 台 | G6: Eudemon1000E-F125 | H6: 华为 | I6: 高度：1U 电源：1+1 AC 端口：2*40GE/100GE QSFP28 + 2*40GE QSFP+ + 8*25GE/10GE*ZSFP+ + 20*10GE SFP+,本期配置10个10G多模模块 容量：120G | J6: 1U
A7: 5 | B7: 管理区 | C7: 安全设备 | D7: 网闸 | E7: 2 | F7: 台 | G7: TopRules(FT-A10) | H7: 天融信 | I7: 2U，飞腾，统信V20，内外端机各16GB内存，内外端机各1TB机械硬盘+16G Msata,内外分别1个HA口、1个管理口、4个千兆电口和4个千兆光口（默认带4个千兆多模光模块），4个万兆光口（默认带4个万兆多模光模块）,冗余电源,文件传输速率（一对万兆接口）：6493.310Mbps；文件传输延时：0.449ms；网络层交换速率（1对口）：9869.94Mbps，网络延时：0.102ms | J7: 2U
A8: 6 | B8: 管理区 | C8: 安全设备 | D8: SSL VPN网关 | E8: 2 | F8: 台 | G8: G1300 | H8: 三未信安（华为） | I8: 默认网口情况：6个RJ-45千兆自适应电口，4个SPF万兆光口，4个SPF+万兆光口，北京其阳华夏科技有限公司 系统版本：统信UOS：Server：V20：1060e 主板：CB-1727A： CPU：海光3250：海光信息技术股份有限公司 内存：2*8G：SCC08GU03H3F1C-32AAG：西安紫光国芯半导体股份有限公司 存储：2*960G：MSSE001TXA0S4E100：湖北长江万润半导体技术有限公司 电源：冗余电源350W： 密码模块：SJK1727：V2.0 | J8: 2U
A9: 7 | B9: 管理区 | C9: 安全设备 | D9: 态势感知服务器 | E9: 4 | F9: 台 | G9: R5930 G2 | H9: 中兴 | I9: CPU：2*海光 7360(24 Cores,2.2GHz) 内存：256GB(8*32GB) 系统盘：2*480GB 2.5"SATA SSD支持热插拨 缓存盘：2×3.2TB PCle NVMe U.2盘，随机写 5 年 3DWPD,按 NUMA 平衡 配置 阵列卡： 1 块独立RAID卡，2G Cache,端口数≥14,端口速率：12Gb/s,配置电 池或者电容；支持 RAID0、1、10、50、60 以及直通 数据盘：6*16T 网卡：1×x双口GbE网卡；2×双口10GbE网卡（配4个多模光模块，支持虚 拟机多队列技术、SRIOV 和 DPDK，按 NUMA 平衡配置），带ilo管理口， 支持IPv6 系统管理：服务器标准远程卡 电源：双电源，几余配置 | J9: 2U
A10: 8 | B10: 政务外网区 | C10: 服务器 | D10: 网络节点 | E10: 2 | F10: 台 | G10: R220K V2 | H10: 烽火 | I10: 2颗KunPeng920-5250 CPU型号（48核心，2.6GHz主频），512GB内存（16根32G）,2个480GB SATA SSD硬盘，4个千兆电口，3个双口10Gb类型局域网卡（含光模块），1块4GB缓存Raid，2块220V交流和220V高压直流自适应电源模块（铂金级，额定功耗900W，含配套电源线 | J10: 2U
A11: 9 | B11: 政务外网区 | C11: 服务器 | D11: 高性能网络节点 | E11: 2 | F11: 台 | G11: R220K V2 | H11: 烽火 | I11: 2颗KunPeng920-5250 CPU型号（48核心，2.6GHz主频），256GB内存（8根32G）,2个480GB SATA SSD硬盘，4个千兆电口，4个双口10Gb类型局域网卡（含光模块），1块4GB缓存Raid，2块220V交流和220V高压直流自适应电源模块（铂金级，额定功耗900W，含配套电源线 | J11: 2U
A12: 10 | B12: 政务外网区 | C12: 服务器 | D12: 计算节点 | E12: 5 | F12: 台 | G12: R220K V2 | H12: 烽火 | I12: 2颗KunPeng920-7260 CPU型号（64核心，2.6GHz主频），1024GB内存（32根32G）,2个480GB SATA SSD硬盘，4个千兆电口，3个双口10Gb类型局域网卡（含光模块），1块4GB缓存Raid，2块220V交流和220V高压直流自适应电源模块（铂金级，额定功耗900W，含配套电源线 | J12: 2U
A13: 11 | B13: 政务外网区 | C13: 服务器 | D13: 计算节点(超分比1) | E13: 4 | F13: 台 | G13: R220K V2 | H13: 烽火 | I13: 2颗KunPeng920-7260 CPU型号（64核心，2.6GHz主频），1024GB内存（32根32G）,2个480GB SATA SSD硬盘，4个千兆电口，3个双口10Gb类型局域网卡（含光模块），1块4GB缓存Raid，2块220V交流和220V高压直流自适应电源模块（铂金级，额定功耗900W，含配套电源线 | J13: 2U
A14: 12 | B14: 政务外网区 | C14: 服务器 | D14: BMGW节点 | E14: 2 | F14: 台 | G14: R220K V2 | H14: 烽火 | I14: 2颗KunPeng920-5250 CPU型号（48核心，2.6GHz主频），256GB内存（8根32G）,2个480GB SATA SSD硬盘，4个千兆电口，4个双口10Gb类型局域网卡（含光模块），1块4GB缓存Raid，2块220V交流和220V高压直流自适应电源模块（铂金级，额定功耗900W，含配套电源线 | J14: 2U
... A40: 38 | B40: 政务外网区 | C40: 安全设备 | D40: 流量探针 | E40: 2 | F40: 台 | G40: UTSNX3-HHB | H40: 绿盟 | I40: CPU：Hygon5380（16C，2.5GHz） 系统：银河麒麟V10,内核5.4 内存：64G 硬盘存储：32T（8T*4） 网卡：4电口4千兆口*1；4万兆光口*1，配4个千兆多模模块，2个万兆多模模块 电源：交流双电源；输入电压范围：100-240V ；输入电流：8A；额定功率：550W | J40: 2U
A41: 70 | B41: 政务外网区 | C41: 服务器 | D41: X86计算节点（利旧） | E41: 4 | F41: 台 | G41: 2288 | H41: 华为 | I41: CPU: 2* Intel Xeon Gold 6348 (28 Cores,2.6 GHz） 内存：768GB（24*32G） 系统盘：2* 480G SATA SSD 阵列卡：1块独立RAID卡,2G Cache,端口数≥8,端口速率:12Gb/s,配置电池或者电容,支持RAID0、1、10、50、60以及直通 网卡： 1×双口GbE网卡 3×双口25GbE网卡(配6个10G多模光模块,NUMA平衡) 带ilo管理口 支持IPv6 系统管理：服务器标准远程卡 电源：双电源，冗余配置 | J41: 2U
A42: 39 | B42: 互联网区 | C42: 服务器 | D42: 网络节点 | E42: 2 | F42: 台 | G42: R220K V2 | H42: 烽火 | I42: 2颗KunPeng920-5250 CPU型号（48核心，2.6GHz主频），512GB内存（16根32G）,2个480GB SATA SSD硬盘，4个千兆电口，3个双口10Gb类型局域网卡（含光模块），1块4GB缓存Raid，2块220V交流和220V高压直流自适应电源模块（铂金级，额定功耗900W，含配套电源线 | J42: 2U
A43: 40 | B43: 互联网区 | C43: 服务器 | D43: 高性能网络节点 | E43: 2 | F43: 台 | G43: R220K V2 | H43: 烽火 | I43: 2颗KunPeng920-5250 CPU型号（48核心，2.6GHz主频），256GB内存（8根32G）,2个480GB SATA SSD硬盘，4个千兆电口，4个双口10Gb类型局域网卡（含光模块），1块4GB缓存Raid，2块220V交流和220V高压直流自适应电源模块（铂金级，额定功耗900W，含配套电源线 | J43: 2U
A44: 41 | B44: 互联网区 | C44: 服务器 | D44: 计算节点 | E44: 4 | F44: 台 | G44: R220K V2 | H44: 烽火 | I44: 2颗KunPeng920-7260 CPU型号（64核心，2.6GHz主频），1024GB内存（32根32G）,2个480GB SATA SSD硬盘，4个千兆电口，3个双口10Gb类型局域网卡（含光模块），1块4GB缓存Raid，2块220V交流和220V高压直流自适应电源模块（铂金级，额定功耗900W，含配套电源线 | J44: 2U
A45: 42 | B45: 互联网区 | C45: 服务器 | D45: 计算节点(超分比1) | E45: 4 | F45: 台 | G45: R220K V2 | H45: 烽火 | I45: 2颗KunPeng920-7260 CPU型号（64核心，2.6GHz主频），1024GB内存（32根32G）,2个480GB SATA SSD硬盘，4个千兆电口，3个双口10Gb类型局域网卡（含光模块），1块4GB缓存Raid，2块220V交流和220V高压直流自适应电源模块（铂金级，额定功耗900W，含配套电源线 | J45: 2U
A46: 43 | B46: 互联网区 | C46: 服务器 | D46: 安全服务节点 | E46: 2 | F46: 台 | G46: R220K V2 | H46: 烽火 | I46: 2颗KunPeng920-5250 CPU型号（48核心，2.6GHz主频），512GB内存（16根32G）,2个480GB SATA SSD硬盘，4个千兆电口，4个双口10Gb类型局域网卡（含光模块），1块4GB缓存Raid，2块220V交流和220V高压直流自适应电源模块（铂金级，额定功耗900W，含配套电源线 | J46: 2U
A47: 44 | B47: 互联网区 | C47: 服务器 | D47: 管理节点 | E47: 10 | F47: 台 | G47: R220K V2 | H47: 烽火 | I47: 2颗KunPeng920-5250 CPU型号（48核心，2.6GHz主频），768GB内存（24根32G）,2个960GB SATA SSD硬盘，5个8TB SATA HDD硬盘，1个3.2TB NVMe SSD硬盘，4个千兆电口，2个双口10Gb类型局域网卡（含光模块），1块4GB缓存Raid，2块220V交流和220V高压直流自适应电源模块（铂金级，额定功耗900W，含配套电源线 | J47: 2U
A48: 45 | B48: 互联网区 | C48: 服务器 | D48: 对象存储节点 | E48: 3 | F48: 台 | G48: R220K V2 | H48: 烽火 | I48: 2颗KunPeng920-5220 CPU型号（32核心，2.6GHz主频），256GB内存（8根32G）,2个960GB SATA SSD硬盘，12个8TB SATA HDD硬盘，2个3.2TB NVMe SSD硬盘，4个千兆电口，2个双口10Gb类型局域网卡（含光模块），1块4GB缓存Raid，2块220V交流和220V高压直流自适应电源模块（铂金级，额定功耗900W，含配套电源线 | J48: 2U
A49: 46 | B49: 互联网区 | C49: 服务器 | D49: 租户安全节点 | E49: 5 | F49: 台 | G49: R5930 G2 | H49: 中兴 | I49: CPU：2*海光 7380(32 Cores,2.0GHz) 内存：1024GB (32*32G) 系统盘：2*480GB 2.5°SATA SSD支持热插 阵列卡：1 块独立RAID卡，2G Cache,端口数≥8,端口速率：12Gb/s,配置电池 或者电容；支持 RAID0、1、10、50、60 以及直通 数据盘：6*16T 网卡：1x双口GbE网卡；2x双口10GbE网卡（配 4个多模光模块，支持 虚拟机多队列技术、SRIOV 和 DPDK，按 NUMA 平衡配置），带ilo管理 口， 支持IPv6 系统管理：服务器标准远程卡 电源：双电源，几余配置 | J49: 2U
A50: 47 | B50: 互联网区 | C50: 服务器 | D50: 租户安全管理节点 | E50: 2 | F50: 台 | G50: R5930 G2 | H50: 中兴 | I50: CPU：2*海光 7360(24 Cores,2.2GHz) 内存：256GB(8*32GB) 系统盘：2*480GB 2.5"SATA SSD 支持热插拔 阵列卡：1 块独立RAID卡，2G Cache,端口数≥8,端口速率：12Gb/s,配置电池 或者电容；支持 RAID0、1、10、50、60 以及直通 数据盘：3*16T 网卡：1x双口GbE网卡；2x双口10GbE网卡（配 4个多模光模块，支持 虚拟机多队列技术、SRIOV 和 DPDK，按 NUMA 平衡配置），带ilo管理 口， 支持IPv6 系统管理：服务器标准远程卡 电源：双电源，几余配置 | J50: 2U
A51: 48 | B51: 互联网区 | C51: 服务器 | D51: 本地备份节点 | E51: 1 | F51: 台 | G51: 中兴R5530 | H51: 中兴 | I51: CPU: 2*海光CPU≥(48 Cores,2.6GHz) 内存：256GB(8*32GB) 系统盘:2×960GB 2.5" SATA SSD 缓存盘：4×3.2TB NVMe SSD卡,随机写5年3DWPD,按NUMA平衡配置 数据盘：36×20TB 3.5" 7.2k SATA,热插拔 阵列卡：1 块独立RAID卡,4G Cache,端口数≥8,端口速率:12Gb/s,配置电池或者电容;支持 RAID0、1、10、 50、60 以及直通 网卡：'1×双口GbE网卡，3×双口10GbE网卡(SFP+,配6个多模光模块,支持虚拟机多队列技术、SRIOV和DPDK,中断队列数大于10) 电源：双电源，冗余配置 | J51: 4U
A52: 49 | B52: 互联网区 | C52: 存储 | D52: 块存储服务-混闪分布式存储(SATA) | E52: 1 | F52: 套 | G52: OceanStor Pacific 9520 | H52: 华为 | I52: OceanStor Pacific 9520(2U EXP,12*3.5",2*32C 2.6GHz,4*GE,K22R-02)*4 通用内存-DDR4 RDIMM-16GB-288pin-0.68ns-2933000KHz-1.2V-ECC-1Rank(2G*4bit),prememtest-crc-load*24 HP380 以太网卡-25GE光口-双端口-SFP28(不含光模块)-半高半长-全高拉手条-PCIe 3.0 x8*8 8TB 7.2K RPM SATA硬盘单元(3.5")*44 480GB SSD SATA硬盘单元(2.5")*8 3.2TB SSD NVMe硬盘单元(2.5")*4 SAS/SATA RAID 16口标卡,RAID0,1,5,6,10,50,60,2GB Cache,支持超级电容和边带管理（垫片专用）*4 高速电缆-内部高速Slimline-2*mini SAS HD-0.85m&0.75m-(Slimline X8 直头)-(2*((31AWG*1Pair+31AWG*2Drain)*8+31AWG*1Pair*4))-(2*Internal mini SAS HD 弯头)-1分2 Slimline-2*mini SAS HD*8 块存储高级版软件-SATA/NL SAS盘,可得容量每TiB*204 块存储高级版软件-SATA/NL SAS盘,可得容量每TiB-3年订阅与保障年费*204 | J52: 2U
A53: 50 | B53: 互联网区 | C53: 存储 | D53: 块存储服务-混闪分布式存储(SSD) | E53: 1 | F53: 套 | G53: OceanStor Dorado 5500 V6 | H53: 华为 | I53: OceanStor Dorado 5500 V6(2U,双控,SAS,交流\240V高压直流,384GB 缓存,4*(4*12Gb) SAS,25*2.5英寸,SPE53C0225)*1 4端口 SmartIO I/O模块(SFP+,10Gb ETH)*4 3.84TB SSD SAS硬盘单元(2.5")*16 光跳线-DLC/PC-DLC/PC-多模-3m-A1a.2-2mm-42mm DLC-OM3弯曲不敏感*16 高级包许可(含DeviceManager,Thin,Migration,Snap,Replication,Clone,QoS,Erase,DME IQ,UltraPath,Virtualization,Metro,CDP)*1 | J53: 2U
... A73: 69 | B73: 互联网区 | C73: 安全设备 | D73: 流量探针 | E73: 2 | F73: 台 | G73: TopAPT3000 | H73: 天融信 | I73: 2U,海光3250(2.8GHZ,8核)*1,国产操作系统,内存32G(2*16G),机械硬盘4TB,mSATA卡128G,6个千兆电口(含HA和管理口),4个千兆光口插槽,冗余电源,3个扩展槽位, | J73: 2U
A74: 70 | B74: 互联网区 | C74: 服务器 | D74: X86计算节点（利旧） | E74: 6 | F74: 台 | G74: 2288 | H74: 华为 | I74: CPU: 2* Intel Xeon Gold 6348 (28 Cores,2.6 GHz） 内存：768GB（24*32G） 系统盘：2* 480G SATA SSD 阵列卡：1块独立RAID卡,2G Cache,端口数≥8,端口速率:12Gb/s,配置电池或者电容,支持RAID0、1、10、50、60以及直通 网卡： 1×双口GbE网卡 3×双口25GbE网卡(配6个10G多模光模块,NUMA平衡) 带ilo管理口 支持IPv6 系统管理：服务器标准远程卡 电源：双电源，冗余配置 | J74: 2U
A75: 柳东机房东202机房
A76: 1 | B76: 异地备份中心 | C76: 服务器 | D76: 异地备份节点 | E76: 2 | F76: 台 | G76: R5530 G2 | H76: 中兴 | I76: CPU: 2*海光7280(32 Cores,2.0GHz) 内存：256GB(32GB×8) 系统盘:2×480GB 2.5" SATA SSD,热插拔 缓存盘：4×3.2TB NVMe SSD卡,随机写5年3DWPD,按NUMA平衡配置 数据盘：36×18TB 3.5" 7.2k SATA,热插拔 阵列卡：1块SAS直通卡,端口速率12Gb/s,可管理所有硬盘，系统盘支持硬raid0,1且数据盘做直通 网卡：'1×双口GbE网卡，2×双口10GbE网卡(SFP+,配4个多模光模块,支持虚拟机多队列技术、SRIOV和DPDK,中断队列数大于10) 电源：双电源，冗余配置 | J76: 4U
A77: 2 | B77: 异地备份中心 | C77: 安全设备 | D77: 备份中心防火墙 | E77: 2 | F77: 台 | G77: Eudemon1000E-F55 | H77: 华为 | I77: 高度：1U 电源：1+1 AC 端口：8*GE COMBO + 4*GE RJ45 + 10*10GE SFP+，本期配置8个10G多模模块 容量：40G | J77: 1U

Sheet 组网拓扑

Sheet 机房平面
A1: 一、主要建设机房： | B1: 崇左城南二楼机房
A2: 机房名： | B2: 崇左城南二楼机房
A3: 占用机架数量： | B3: 本期新增设备占用20架
A27: 三、异地备份中心： | B27: 柳州市柳州电信云计算数据中心
A28: 机房名： | B28: 2楼东202IDC机房
A29: 占用机架数量： | B29: 本期新增设备占用2架

Sheet 机架立面图
A1: 崇左市城南枢纽楼二层IDC机房
C2: HW105-01机架 | H2: HW105-02机架 | L2: HW105-03机架 | P2: HW105-04机架 | T2: HW105-05机架 | X2: HW105-06机架 | AB2: HW105-07机架 | AF2: HW105-08机架 | AJ2: HW105-09机架
B3: 42U | G3: 42U | K3: 42U | L3: 空调 | O3: 42U | S3: 42U | W3: 42U | AA3: 42U | AB3: 空调 | AE3: 42U | AI3: 42U
B4: 41U | C4: 政务外网区出口防火墙-华为1000E-F55 | D4: 1 | E4: 180 | G4: 41U | H4: 政务外网区出口防火墙-华为1000E-F55 | I4: 2 | J4: 180 | K4: 41U | O4: 41U | P4: 政务外网区万兆管理交换机-华为CE6881H | Q4: 1 | R4: 349 | S4: 41U | T4: 政务外网区万兆管理交换机-华为CE6881H | U4: 2 | V4: 349 | W4: 41U | X4: 政务外网区万兆业务交换机-华为CE6881H | Y4: 1 | Z4: 349 | AA4: 41U | AE4: 41U | AF4: 政务外网区万兆业务交换机-华为CE6881H | AG4: 2 | AH4: 349 | AI4: 41U
B5: 40U | G5: 40U | K5: 40U | O5: 40U | S5: 40U | W5: 40U | AA5: 40U | AE5: 40U | AI5: 40U
B6: 39U | C6: 政务外网区安全交换机-华为CE6881H | D6: 1 | E6: 349 | G6: 39U | H6: 政务外网区安全交换机-华为CE6881H | I6: 2 | J6: 349 | K6: 39U | O6: 39U | P6: 政务外网区万兆专线交换机-华为CE6881H | Q6: 1 | R6: 349 | S6: 39U | T6: 政务外网区万兆专线交换机-华为CE6881H | U6: 2 | V6: 349 | W6: 39U | X6: 政务外网区万兆业务管理交换机-华为CE6881H | Y6: 1 | Z6: 349 | AA6: 39U | AE6: 39U | AF6: 政务外网区万兆业务管理交换机-华为CE6881H | AG6: 2 | AH6: 349 | AI6: 39U
B7: 38U | G7: 38U | K7: 38U | O7: 38U | S7: 38U | W7: 38U | AA7: 38U | AE7: 38U | AI7: 38U
B8: 37U | C8: 政务外网区安全池交换机-华为CE6881H | D8: 1 | E8: 349 | G8: 37U | H8: 政务外网区安全池交换机-华为CE6881H | I8: 2 | J8: 349 | K8: 37U | O8: 37U | S8: 37U | W8: 37U | AA8: 37U | AE8: 37U | AF8: 政务外网区千兆BMC交换机-华为5855 | AG8: 2 | AH8: 65 | AI8: 37U
B9: 36U | G9: 36U | K9: 36U | O9: 36U | S9: 36U | W9: 36U | AA9: 36U | AE9: 36U | AI9: 36U
B10: 35U | G10: 35U | H10: 政务外网区千兆BMC交换机-华为5855 | I10: 1 | J10: 65 | K10: 35U | O10: 35U | S10: 35U | W10: 35U | AA10: 35U | AE10: 35U | AI10: 35U
B11: 34U | G11: 34U | K11: 34U | O11: 34U | S11: 34U | W11: 34U | AA11: 34U | AE11: 34U | AI11: 34U
B12: 33U | G12: 33U | K12: 33U | O12: 33U | S12: 33U | W12: 33U | AA12: 33U | AE12: 33U | AI12: 33U
B13: 32U | G13: 32U | K13: 32U | O13: 32U | S13: 32U | W13: 32U | AA13: 32U | AE13: 32U | AI13: 32U
B14: 31U | G14: 31U | K14: 31U | O14: 31U | S14: 31U | W14: 31U | AA14: 31U | AE14: 31U | AI14: 31U
B15: 30U | G15: 30U | K15: 30U | O15: 30U | S15: 30U | W15: 30U | AA15: 30U | AE15: 30U | AI15: 30U
B16: 29U | G16: 29U | K16: 29U | O16: 29U | S16: 29U | W16: 29U | AA16: 29U | AE16: 29U | AI16: 29U
B17: 28U | G17: 28U | K17: 28U | O17: 28U | S17: 28U | W17: 28U | AA17: 28U | AE17: 28U | AI17: 28U
B18: 27U | G18: 27U | K18: 27U | O18: 27U | S18: 27U | W18: 27U | AA18: 27U | AE18: 27U | AI18: 27U
B19: 26U | G19: 26U | K19: 26U | O19: 26U | S19: 26U | W19: 26U | AA19: 26U | AE19: 26U | AI19: 26U
B20: 25U | G20: 25U | K20: 25U | O20: 25U | S20: 25U | W20: 25U | AA20: 25U | AE20: 25U | AI20: 25U
B21: 24U | G21: 24U | K21: 24U | O21: 24U | S21: 24U | W21: 24U | AA21: 24U | AE21: 24U | AI21: 24U
B22: 23U | G22: 23U | K22: 23U | O22: 23U | S22: 23U | W22: 23U | AA22: 23U | AE22: 23U | AI22: 23U
B23: 22U | G23: 22U | K23: 22U | O23: 22U | S23: 22U | W23: 22U | AA23: 22U | AE23: 22U | AI23: 22U
B24: 21U | G24: 21U | K24: 21U | O24: 21U | S24: 21U | W24: 21U | X24: 政务外网区增强型网络节点-烽火R220K V2 | Y24: 1 | Z24: 450 | AA24: 21U | AE24: 21U | AI24: 21U
B25: 20U | G25: 20U | K25: 20U | O25: 20U | P25: 政务外网区堡垒机-信安SecHAC | Q25: 1 | R25: 285 | S25: 20U | T25: 政务外网区时间戳服务器-信安SecSign-TS | U25: 1 | V25: 280 | W25: 20U | AA25: 20U | AE25: 20U | AI25: 20U
B26: 19U | G26: 19U | K26: 19U | O26: 19U | S26: 19U | W26: 19U | AA26: 19U | AE26: 19U | AI26: 19U
B27: 18U | C27: 政务外网区安全节点-烽火R220K V2 | D27: 1 | E27: 450 | G27: 18U | K27: 18U | O27: 18U | S27: 18U | W27: 18U | X27: 政务外网区网络节点-烽火R220K V2 | Y27: 1 | Z27: 450 | AA27: 18U | AE27: 18U | AF27: 政务外网区增强型网络节点-烽火R220K V2 | AG27: 1 | AH27: 450 | AI27: 18U
B28: 17U | G28: 17U | K28: 17U | O28: 17U | P28: 政务外网区综合安全网关-信安SecGW | Q28: 1 | R28: 140 | S28: 17U | T28: 政务外网区堡垒机-信安SecHAC | U28: 2 | V28: 285 | W28: 17U | AA28: 17U | AE28: 17U | AI28: 17U
B29: 16U | G29: 16U | K29: 16U | O29: 16U | S29: 16U | W29: 16U | AA29: 16U | AE29: 16U | AI29: 16U
B30: 15U | C30: 政务外网区流量探针-绿盟UTSNX3-HHB | D30: 1 | E30: 197 | G30: 15U | H30: 政务外网区安全节点-烽火R220K V2 | I30: 2 | J30: 450 | K30: 15U | O30: 15U | P30: 政务外网区签名验签服务器-信安SecHSM-Sign | Q30: 1 | R30: 270 | S30: 15U | W30: 15U | X30: 政务外网区计算节点-烽火R220K V2 | Y30: 9 | Z30: 450 | AA30: 15U | AE30: 15U | AF30: 政务外网区网络节点-烽火R220K V2 | AG30: 2 | AH30: 450 | AI30: 15U
B31: 14U | G31: 14U | K31: 14U | O31: 14U | S31: 14U | T31: 政务外网区综合安全网关-信安SecGW | U31: 2 | V31: 140 | W31: 14U | AA31: 14U | AE31: 14U | AI31: 14U
B32: 13U | G32: 13U | K32: 13U | O32: 13U | S32: 13U | W32: 13U | AA32: 13U | AE32: 13U | AI32: 13U
B33: 12U | C33: 政务外网区租户安全管理-中兴R5930 G2 | D33: 5 | E33: 531 | G33: 12U | H33: 政务外网区流量探针-绿盟UTSNX3-HHB | I33: 2 | J33: 197 | K33: 12U | O33: 12U | P33: 政务外网区服务器密码机-信安SecHSM-Net | Q33: 1 | R33: 270 | S33: 12U | T33: 政务外网区签名验签服务器-信安SecHSM-Sign | U33: 2 | V33: 270 | W33: 12U | X33: 政务外网区计算节点-烽火R220K V2 | Y33: 7 | Z33: 450 | AA33: 12U | AE33: 12U | AF33: 政务外网区计算节点-烽火R220K V2 | AG33: 8 | AH33: 450 | AI33: 12U | AJ33: 政务外网区X86计算节点-华为2255 | AK33: 4 | AL33: 450
B34: 11U | G34: 11U | K34: 11U | O34: 11U | S34: 11U | W34: 11U | AA34: 11U | AE34: 11U | AI34: 11U
B35: 10U | G35: 10U | K35: 10U | O35: 10U | S35: 10U | W35: 10U | AA35: 10U | AE35: 10U | AI35: 10U
B36: 9U | C36: 政务外网区租户安全-中兴R5930 G2 | D36: 3 | E36: 513 | G36: 9U | H36: 政务外网区租户安全管理-中兴R5930 G2 | I36: 4 | J36: 531 | K36: 9U | O36: 9U | P36: 政务外网区管理节点-烽火R220K V2 | Q36: 5 | R36: 521 | S36: 9U | T36: 政务外网区服务器密码机-信安SecHSM-Net | U36: 2 | V36: 270 | W36: 9U | X36: 政务外网区计算节点-烽火R220K V2 | Y36: 5 | Z36: 450 | AA36: 9U | AE36: 9U | AF36: 政务外网区计算节点-烽火R220K V2 | AG36: 6 | AH36: 450 | AI36: 9U | AJ36: 政务外网区X86计算节点-华为2255 | AK36: 3 | AL36: 450
B37: 8U | G37: 8U | K37: 8U | O37: 8U | S37: 8U | W37: 8U | AA37: 8U | AE37: 8U | AI37: 8U
B38: 7U | G38: 7U | K38: 7U | O38: 7U | S38: 7U | W38: 7U | AA38: 7U | AE38: 7U | AI38: 7U
B39: 6U | C39: 政务外网区租户安全-中兴R5930 G2 | D39: 1 | E39: 431 | G39: 6U | H39: 政务外网区租户安全-中兴R5930 G2 | I39: 2 | J39: 431 | K39: 6U | O39: 6U | P39: 政务外网区管理节点-烽火R220K V2 | Q39: 3 | R39: 521 | S39: 6U | T39: 政务外网区管理节点-烽火R220K V2 | U39: 4 | V39: 521 | W39: 6U | X39: 政务外网区计算节点-烽火R220K V2 | Y39: 3 | Z39: 450 | AA39: 6U | AE39: 6U | AF39: 政务外网区计算节点-烽火R220K V2 | AG39: 4 | AH39: 450 | AI39: 6U | AJ39: 政务外网区X86计算节点-华为2255 | AK39: 2 | AL39: 450
B40: 5U | G40: 5U | K40: 5U | O40: 5U | S40: 5U | W40: 5U | AA40: 5U | AE40: 5U | AI40: 5U
B41: 4U | G41: 4U | K41: 4U | O41: 4U | S41: 4U | W41: 4U | AA41: 4U | AE41: 4U | AI41: 4U
B42: 3U | C42: 政务外网区核心交换机-华为CE8865-4C | D42: 1 | E42: 1018 | G42: 3U | H42: 政务外网区核心交换机-华为CE8865-4C | I42: 2 | J42: 1018 | K42: 3U | O42: 3U | P42: 政务外网区管理节点-烽火R220K V2 | Q42: 1 | R42: 521 | S42: 3U | T42: 政务外网区管理节点-烽火R220K V2 | U42: 2 | V42: 521 | W42: 3U | X42: 政务外网区计算节点-烽火R220K V2 | Y42: 1 | Z42: 450 | AA42: 3U | AE42: 3U | AF42: 政务外网区计算节点-烽火R220K V2 | AG42: 2 | AH42: 450 | AI42: 3U | AJ42: 政务外网区X86计算节点-华为2255 | AK42: 1 | AL42: 450
B43: 2U | G43: 2U | K43: 2U | O43: 2U | S43: 2U | W43: 2U | AA43: 2U | AE43: 2U | AI43: 2U
B44: 1U | G44: 1U | K44: 1U | O44: 1U | S44: 1U | W44: 1U | AA44: 1U | AE44: 1U | AI44: 1U
C45: 5KW，20*10A+4*16A，国标 | D45: =SUM(E3:E43) -> 4018 | H45: 5KW，20*10A+4*16A，国标 | I45: =SUM(J3:J43) -> 3570 | P45: 5KW，20*10A+4*16A，国标 | Q45: =SUM(R3:R43) -> 3226 | T45: 5KW，20*10A+4*16A，国标 | U45: =SUM(V3:V43) -> 2985 | X45: 5KW，20*10A+4*16A，国标 | Y45: =SUM(Z3:Z43) -> 3848 | AF45: 5KW，20*10A+4*16A，国标 | AG45: =SUM(AH3:AH43) -> 3463 | AJ45: 5KW，20*10A+4*16A，国标 | AK45: =SUM(AL3:AL43) -> 1800
C47: HW106-01机架 | H47: HW106-02机架 | L47: HW106-03机架 | P47: HW106-04机架 | T47: HW106-05机架 | X47: HW106-06机架 | AB47: HW106-07机架 | AF47: HW106-08机架 | AJ47: HW106-09机架
B48: 42U | C48: UPS交流输出配电柜 | G48: 42U | K48: 42U | O48: 42U | S48: 42U | T48: 空调 | W48: 42U | AA48: 42U | AE48: 42U | AI48: 42U
B49: 41U | G49: 41U | H49: 政务外网区裸金属交换机-华为CE6881H | I49: 1 | J49: 349 | K49: 41U | L49: 政务外网区裸金属交换机-华为CE6881H | M49: 2 | N49: 349 | O49: 41U | P49: 政务外网区万兆存储交换机-华为CE6881H | Q49: 1 | R49: 349 | S49: 41U | W49: 41U | X49: 政务外网区万兆存储交换机-华为CE6881H | Y49: 2 | Z49: 349 | AA49: 41U | AE49: 41U | AI49: 41U
B50: 40U | G50: 40U | K50: 40U | O50: 40U | S50: 40U | W50: 40U | AA50: 40U | AE50: 40U | AI50: 40U
B51: 39U | G51: 39U | K51: 39U | O51: 39U | P51: 政务外网区千兆BMC交换机-华为5855 | Q51: 3 | R51: 65 | S51: 39U | W51: 39U | AA51: 39U | AE51: 39U | AI51: 39U
B52: 38U | G52: 38U | K52: 38U | O52: 38U | S52: 38U | W52: 38U | AA52: 38U | AE52: 38U | AI52: 38U
B53: 37U | G53: 37U | K53: 37U | O53: 37U | S53: 37U | W53: 37U | AA53: 37U | AE53: 37U | AI53: 37U
B54: 36U | G54: 36U | K54: 36U | O54: 36U | S54: 36U | W54: 36U | AA54: 36U | AE54: 36U | AI54: 36U
B55: 35U | G55: 35U | K55: 35U | O55: 35U | S55: 35U | W55: 35U | AA55: 35U | AE55: 35U | AI55: 35U
B56: 34U | G56: 34U | K56: 34U | O56: 34U | S56: 34U | W56: 34U | AA56: 34U | AE56: 34U | AI56: 34U
B57: 33U | G57: 33U | K57: 33U | O57: 33U | S57: 33U | W57: 33U | AA57: 33U | AE57: 33U | AI57: 33U
B58: 32U | G58: 32U | K58: 32U | O58: 32U | S58: 32U | W58: 32U | AA58: 32U | AE58: 32U | AI58: 32U
B59: 31U | G59: 31U | K59: 31U | O59: 31U | S59: 31U | W59: 31U | AA59: 31U | AE59: 31U | AI59: 31U
B60: 30U | G60: 30U | K60: 30U | O60: 30U | S60: 30U | W60: 30U | AA60: 30U | AE60: 30U | AI60: 30U
B61: 29U | G61: 29U | K61: 29U | O61: 29U | S61: 29U | W61: 29U | AA61: 29U | AE61: 29U | AI61: 29U
B62: 28U | G62: 28U | K62: 28U | O62: 28U | S62: 28U | W62: 28U | AA62: 28U | AE62: 28U | AI62: 28U
B63: 27U | G63: 27U | K63: 27U | O63: 27U | S63: 27U | W63: 27U | AA63: 27U | AE63: 27U | AI63: 27U
... B77: 13U | G77: 13U | K77: 13U | O77: 13U | S77: 13U | W77: 13U | AA77: 13U | AE77: 13U | AI77: 13U
B78: 12U | G78: 12U | K78: 12U | O78: 12U | P78: 政务外网区普通块存储-华为9520 | Q78: 4 | R78: 1507 | S78: 12U | W78: 12U | AA78: 12U | AE78: 12U | AI78: 12U
B79: 11U | G79: 11U | K79: 11U | O79: 11U | S79: 11U | W79: 11U | AA79: 11U | AE79: 11U | AI79: 11U
B80: 10U | G80: 10U | K80: 10U | O80: 10U | S80: 10U | W80: 10U | AA80: 10U | AE80: 10U | AI80: 10U
B81: 9U | G81: 9U | K81: 9U | O81: 9U | P81: 政务外网区普通块存储-华为9520 | Q81: 3 | S81: 9U | W81: 9U | AA81: 9U | AE81: 9U | AI81: 9U
B82: 8U | G82: 8U | H82: 政务外网区裸金属网关-烽火R220K V2 | I82: 1 | J82: 450 | K82: 8U | L82: 政务外网区裸金属网关-烽火R220K V2 | M82: 2 | N82: 450 | O82: 8U | S82: 8U | W82: 8U | X82: 政务外网区本地备份节点- 中兴R5530 G2 | Y82: 1 | Z82: 745 | AA82: 8U | AE82: 8U | AI82: 8U
B83: 7U | G83: 7U | K83: 7U | O83: 7U | S83: 7U | W83: 7U | AA83: 7U | AE83: 7U | AI83: 7U
B84: 6U | G84: 6U | K84: 6U | O84: 6U | P84: 政务外网区普通块存储-华为9520 | Q84: 2 | S84: 6U | W84: 6U | AA84: 6U | AE84: 6U | AI84: 6U
B85: 5U | G85: 5U | H85: 政务外网区裸金属络节点-烽火G440K V2 | I85: 1 | J85: 3005 | K85: 5U | L85: 政务外网区裸金属络节点-烽火G440K V2 | M85: 2 | N85: 3005 | O85: 5U | S85: 5U | W85: 5U | AA85: 5U | AE85: 5U | AI85: 5U
B86: 4U | G86: 4U | K86: 4U | O86: 4U | S86: 4U | W86: 4U | AA86: 4U | AE86: 4U | AI86: 4U
B87: 3U | G87: 3U | K87: 3U | O87: 3U | P87: 政务外网区普通块存储-华为9520 | Q87: 1 | S87: 3U | W87: 3U | X87: 政务外网区SSD块存储-华为5500 | Y87: 1 | Z87: 752 | AA87: 3U | AE87: 3U | AI87: 3U
B88: 2U | G88: 2U | K88: 2U | O88: 2U | S88: 2U | W88: 2U | AA88: 2U | AE88: 2U | AI88: 2U
B89: 1U | G89: 1U | K89: 1U | O89: 1U | S89: 1U | W89: 1U | AA89: 1U | AE89: 1U | AI89: 1U
H90: 5KW，20*10A+4*16A，国标 | I90: =SUM(J48:J88) -> 3804 | L90: 5KW，20*10A+4*16A，国标 | M90: =SUM(N48:N88) -> 3804 | P90: 5KW，20*10A+4*16A，国标 | Q90: =SUM(R48:R88) -> 1921 | X90: 5KW，20*10A+4*16A，国标 | Y90: =SUM(Z48:Z88) -> 1846 | AB90: 5KW，20*10A+4*16A，国标 | AC90: =SUM(AD48:AD88) -> 0 | AF90: 5KW，20*10A+4*16A，国标 | AG90: =SUM(AH48:AH88) -> 0 | AJ90: 5KW，20*10A+4*16A，国标 | AK90: =SUM(AL48:AL88) -> 0
C92: HW107-01机架 | H92: HW107-02机架 | L92: HW107-03机架 | P92: HW107-04机架 | T92: HW107-05机架 | X92: HW107-06机架 | AB92: HW107-07机架 | AF92: HW107-08机架 | AJ92: HW107-09机架
B93: 42U | C93: UPS交流输出配电柜 | G93: 42U | K93: 42U | O93: 42U | S93: 42U | T93: 空调 | W93: 42U | AA93: 42U | AE93: 42U | AI93: 42U
B94: 41U | G94: 41U | H94: 互联网区出口防火墙-华为1000E-F55 | I94: 1 | J94: 180 | K94: 41U | L94: 互联网区出口防火墙-华为1000E-F55 | M94: 2 | N94: 180 | O94: 41U | P94: 互联网区万兆管理交换机-华为CE6881H | Q94: 1 | R94: 349 | S94: 41U | W94: 41U | X94: 互联网区万兆管理交换机-华为CE6881H | Y94: 2 | Z94: 349 | AA94: 41U | AB94: 互联网区万兆业务交换机-华为CE6881H | AC94: 1 | AD94: 349 | AE94: 41U | AF94: 互联网区万兆业务交换机-华为CE6881H | AG94: 2 | AH94: 349 | AI94: 41U
B95: 40U | G95: 40U | K95: 40U | O95: 40U | S95: 40U | W95: 40U | AA95: 40U | AE95: 40U | AI95: 40U
B96: 39U | G96: 39U | H96: 互联网区出口交换机-华为CE6881H | I96: 1 | J96: 349 | K96: 39U | L96: 互联网区出口交换机-华为CE6881H | M96: 2 | N96: 349 | O96: 39U | S96: 39U | W96: 39U | AA96: 39U | AB96: 互联网区万兆业务管理交换机-华为CE6881H | AC96: 1 | AD96: 349 | AE96: 39U | AF96: 互联网区万兆业务管理交换机-华为CE6881H | AG96: 2 | AH96: 349 | AI96: 39U
B97: 38U | G97: 38U | K97: 38U | O97: 38U | S97: 38U | W97: 38U | AA97: 38U | AE97: 38U | AI97: 38U
B98: 37U | G98: 37U | H98: 互联网区抗DDOS清洗-华为1905 | I98: 1 | J98: 103 | K98: 37U | L98: 互联网区抗DDOS检测-华为1905 | M98: 2 | N98: 103 | O98: 37U | S98: 37U | W98: 37U | AA98: 37U | AB98: 互联网区万兆专线交换机-华为CE6881H | AC98: 1 | AD98: 349 | AE98: 37U | AF98: 互联网区万兆专线交换机-华为CE6881H | AG98: 2 | AH98: 349 | AI98: 37U
B99: 36U | G99: 36U | K99: 36U | O99: 36U | S99: 36U | W99: 36U | AA99: 36U | AE99: 36U | AI99: 36U
B100: 35U | G100: 35U | H100: 互联网区安全池交换机-华为CE6881H | I100: 1 | J100: 349 | K100: 35U | L100: 互联网区安全池交换机-华为CE6881H | M100: 2 | N100: 349 | O100: 35U | S100: 35U | W100: 35U | AA100: 35U | AE100: 35U | AF100: 互联网区千兆BMC交换机-华为5855 | AG100: 2 | AH100: 65 | AI100: 35U
B101: 34U | G101: 34U | K101: 34U | O101: 34U | S101: 34U | W101: 34U | AA101: 34U | AE101: 34U | AI101: 34U
B102: 33U | G102: 33U | K102: 33U | L102: 互联网区千兆BMC交换机-华为5855 | M102: 1 | N102: 65 | O102: 33U | S102: 33U | W102: 33U | AA102: 33U | AE102: 33U | AI102: 33U
B103: 32U | G103: 32U | K103: 32U | O103: 32U | S103: 32U | W103: 32U | AA103: 32U | AE103: 32U | AI103: 32U
B104: 31U | G104: 31U | K104: 31U | O104: 31U | S104: 31U | W104: 31U | AA104: 31U | AE104: 31U | AI104: 31U
B105: 30U | G105: 30U | K105: 30U | O105: 30U | S105: 30U | W105: 30U | AA105: 30U | AE105: 30U | AI105: 30U
B106: 29U | G106: 29U | K106: 29U | O106: 29U | S106: 29U | W106: 29U | AA106: 29U | AE106: 29U | AI106: 29U
B107: 28U | G107: 28U | K107: 28U | O107: 28U | S107: 28U | W107: 28U | AA107: 28U | AE107: 28U | AI107: 28U
B108: 27U | G108: 27U | K108: 27U | O108: 27U | S108: 27U | W108: 27U | AA108: 27U | AE108: 27U | AI108: 27U
B109: 26U | G109: 26U | K109: 26U | O109: 26U | P109: 互联网区堡垒机-信安SecHAC | Q109: 1 | R109: 285 | S109: 26U | W109: 26U | X109: 互联网区堡垒机-信安SecHAC | Y109: 2 | Z109: 285 | AA109: 26U | AE109: 26U | AI109: 26U
B110: 25U | G110: 25U | K110: 25U | O110: 25U | S110: 25U | W110: 25U | AA110: 25U | AE110: 25U | AI110: 25U
B111: 24U | G111: 24U | K111: 24U | O111: 24U | S111: 24U | W111: 24U | AA111: 24U | AE111: 24U | AI111: 24U
B112: 23U | G112: 23U | K112: 23U | O112: 23U | P112: 互联网区综合安全网关-信安SecGW | Q112: 1 | R112: 140 | S112: 23U | W112: 23U | X112: 互联网区综合安全网关-信安SecGW | Y112: 2 | Z112: 140 | AA112: 23U | AE112: 23U | AI112: 23U
B113: 22U | G113: 22U | K113: 22U | O113: 22U | S113: 22U | W113: 22U | AA113: 22U | AE113: 22U | AI113: 22U
B114: 21U | G114: 21U | K114: 21U | O114: 21U | P114: 互联网区签名验签服务器-信安SecHSM-Sign | Q114: 1 | R114: 270 | S114: 21U | W114: 21U | X114: 互联网区签名验签服务器-信安SecHSM-Sign | Y114: 2 | Z114: 270 | AA114: 21U | AE114: 21U | AI114: 21U
B115: 20U | G115: 20U | K115: 20U | O115: 20U | S115: 20U | W115: 20U | AA115: 20U | AE115: 20U | AI115: 20U
...

Sheet 设备功耗表
A1: 序号 | B1: 区域 | C1: 机柜号 | D1: 设备名 | E1: 设备型号 | F1: 单位 | G1: 数量 | H1: 单台功耗 （W） | I1: 功耗小计 （W） | J1: 机柜 总功耗 | K1: 单台高度 （U） | L1: 供电类型 | M1: 引电需求 | N1: 备注
A2: 一、崇左城南二楼机房
A3: 1 | B3: 政务外网区 | C3: HW105-01 | D3: 政务外网区出口防火墙-1 | E3: 华为1000E-F55 | F3: 台 | G3: 1 | H3: 180 | I3: =H3*G3 -> 180 | J3: =SUM(I3:I11) -> 4018 | K3: 1 | L3: 220V交流 | M3: 2路10A引电
A4: 2 | D4: 政务外网区安全交换机-1 | E4: 华为CE6881H | F4: 台 | G4: 1 | H4: 349 | I4: =H4*G4 -> 349 | K4: 1 | L4: 220V交流 | M4: 2路10A引电
A5: 3 | D5: 政务外网区安全池交换机-1 | E5: 华为CE6881H | F5: 台 | G5: 1 | H5: 349 | I5: =H5*G5 -> 349 | K5: 1 | L5: 220V交流 | M5: 2路10A引电
A6: 4 | D6: 政务外网区安全节点-1 | E6: 烽火R220K V2 | F6: 台 | G6: 1 | H6: 450 | I6: =H6*G6 -> 450 | K6: 2 | L6: 220V交流 | M6: 2路10A引电
A7: 5 | D7: 政务外网区流量探针-1 | E7: 绿盟UTSNX3-HHB | F7: 台 | G7: 1 | H7: 197 | I7: =H7*G7 -> 197 | K7: 2 | L7: 220V交流 | M7: 2路10A引电
A8: 6 | D8: 政务外网区租户安全-5 | E8: 中兴R5930 G2 | F8: 台 | G8: 1 | H8: 531 | I8: =H8*G8 -> 531 | K8: 2 | L8: 220V交流 | M8: 2路10A引电
A9: 7 | D9: 政务外网区租户安全-3 | E9: 中兴R5930 G2 | F9: 台 | G9: 1 | H9: 513 | I9: =H9*G9 -> 513 | K9: 2 | L9: 220V交流 | M9: 2路10A引电
A10: 8 | D10: 政务外网区租户安全-1 | E10: 中兴R5930 G2 | F10: 台 | G10: 1 | H10: 431 | I10: =H10*G10 -> 431 | K10: 2 | L10: 220V交流 | M10: 2路10A引电
A11: 9 | D11: 政务外网区核心交换机-1 | E11: 华为CE8865-4C | F11: 台 | G11: 1 | H11: 1018 | I11: =H11*G11 -> 1018 | K11: 2 | L11: 220V交流 | M11: 2路10A引电
A12: 10 | C12: HW105-02 | D12: 政务外网区出口防火墙-2 | E12: 华为1000E-F55 | F12: 台 | G12: 1 | H12: 180 | I12: =H12*G12 -> 180 | J12: =SUM(I12:I20) -> 3570 | K12: 1 | L12: 220V交流 | M12: 2路10A引电
A13: 11 | D13: 政务外网区安全交换机-2 | E13: 华为CE6881H | F13: 台 | G13: 1 | H13: 349 | I13: =H13*G13 -> 349 | K13: 1 | L13: 220V交流 | M13: 2路10A引电
A14: 12 | D14: 政务外网区安全池交换机-2 | E14: 华为CE6881H | F14: 台 | G14: 1 | H14: 349 | I14: =H14*G14 -> 349 | K14: 1 | L14: 220V交流 | M14: 2路10A引电
A15: 13 | D15: 政务外网区千兆BMC交换机-1 | E15: 华为5855 | F15: 台 | G15: 1 | H15: 65 | I15: =H15*G15 -> 65 | K15: 1 | L15: 220V交流 | M15: 2路10A引电
A16: 14 | D16: 政务外网区安全节点-2 | E16: 烽火R220K V2 | F16: 台 | G16: 1 | H16: 450 | I16: =H16*G16 -> 450 | K16: 2 | L16: 220V交流 | M16: 2路10A引电
A17: 15 | D17: 政务外网区流量探针-2 | E17: 绿盟UTSNX3-HHB | F17: 台 | G17: 1 | H17: 197 | I17: =H17*G17 -> 197 | K17: 2 | L17: 220V交流 | M17: 2路10A引电
A18: 16 | D18: 政务外网区租户安全-4 | E18: 中兴R5930 G2 | F18: 台 | G18: 1 | H18: 531 | I18: =H18*G18 -> 531 | K18: 2 | L18: 220V交流 | M18: 2路10A引电
A19: 17 | D19: 政务外网区租户安全-2 | E19: 中兴R5930 G2 | F19: 台 | G19: 1 | H19: 431 | I19: =H19*G19 -> 431 | K19: 2 | L19: 220V交流 | M19: 2路10A引电
A20: 18 | D20: 政务外网区核心交换机-2 | E20: 华为CE8865-4C | F20: 台 | G20: 1 | H20: 1018 | I20: =H20*G20 -> 1018 | K20: 2 | L20: 220V交流 | M20: 2路10A引电
A21: 19 | C21: HW105-04 | D21: 政务外网区万兆管理交换机-1 | E21: 华为CE6881H | F21: 台 | G21: 1 | H21: 349 | I21: =H21*G21 -> 349 | J21: =SUM(I21:I29) -> 3226 | K21: 1 | L21: 220V交流 | M21: 2路10A引电
A22: 20 | C22: HW105-04 | D22: 政务外网区万兆专线交换机-1 | E22: 华为CE6881H | F22: 台 | G22: 1 | H22: 349 | I22: =H22*G22 -> 349 | J22: =SUM(I22:I30) -> 3226 | K22: 1 | L22: 220V交流 | M22: 2路10A引电
A23: 21 | D23: 政务外网区堡垒机-1 | E23: 信安SecHAC | F23: 台 | G23: 1 | H23: 285 | I23: =H23*G23 -> 285 | K23: 2 | L23: 220V交流 | M23: 2路10A引电
A24: 22 | D24: 政务外网区综合安全网关-1 | E24: 信安SecGW | F24: 台 | G24: 1 | H24: 140 | I24: =H24*G24 -> 140 | K24: 1 | L24: 220V交流 | M24: 2路10A引电
A25: 23 | D25: 政务外网区签名验签服务器-1 | E25: 信安SecHSM-Sign | F25: 台 | G25: 1 | H25: 270 | I25: =H25*G25 -> 270 | K25: 2 | L25: 220V交流 | M25: 2路10A引电
A26: 24 | D26: 政务外网区服务器密码机-1 | E26: 信安SecHSM-Net | F26: 台 | G26: 1 | H26: 270 | I26: =H26*G26 -> 270 | K26: 2 | L26: 220V交流 | M26: 2路10A引电
A27: 25 | D27: 政务外网区管理节点-5 | E27: 烽火R220K V2 | F27: 台 | G27: 1 | H27: 521 | I27: =H27*G27 -> 521 | K27: 2 | L27: 220V交流 | M27: 2路10A引电
A28: 26 | D28: 政务外网区管理节点-3 | E28: 烽火R220K V2 | F28: 台 | G28: 1 | H28: 521 | I28: =H28*G28 -> 521 | K28: 2 | L28: 220V交流 | M28: 2路10A引电
A29: 27 | D29: 政务外网区管理节点-1 | E29: 烽火R220K V2 | F29: 台 | G29: 1 | H29: 521 | I29: =H29*G29 -> 521 | K29: 2 | L29: 220V交流 | M29: 2路10A引电
A30: 28 | C30: HW105-05 | D30: 政务外网区万兆管理交换机-2 | E30: 华为CE6881H | F30: 台 | G30: 1 | H30: 349 | I30: =H30*G30 -> 349 | J30: =SUM(I30:I38) -> 2985 | K30: 1 | L30: 220V交流 | M30: 2路10A引电
A31: 29 | C31: HW105-05 | D31: 政务外网区万兆专线交换机-2 | E31: 华为CE6881H | F31: 台 | G31: 1 | H31: 349 | I31: =H31*G31 -> 349 | J31: =SUM(I31:I39) -> 2985 | K31: 1 | L31: 220V交流 | M31: 2路10A引电
A32: 30 | D32: 政务外网区时间戳服务器-1 | E32: 信安SecSign-TS | F32: 台 | G32: 1 | H32: 280 | I32: =H32*G32 -> 280 | K32: 2 | L32: 220V交流 | M32: 2路10A引电
A33: 31 | D33: 政务外网区堡垒机-2 | E33: 信安SecHAC | F33: 台 | G33: 1 | H33: 285 | I33: =H33*G33 -> 285 | K33: 2 | L33: 220V交流 | M33: 2路10A引电
A34: 32 | D34: 政务外网区综合安全网关-2 | E34: 信安SecGW | F34: 台 | G34: 1 | H34: 140 | I34: =H34*G34 -> 140 | K34: 1 | L34: 220V交流 | M34: 2路10A引电
A35: 33 | D35: 政务外网区签名验签服务器-2 | E35: 信安SecHSM-Sign | F35: 台 | G35: 1 | H35: 270 | I35: =H35*G35 -> 270 | K35: 2 | L35: 220V交流 | M35: 2路10A引电
A36: 34 | D36: 政务外网区服务器密码机-2 | E36: 信安SecHSM-Net | F36: 台 | G36: 1 | H36: 270 | I36: =H36*G36 -> 270 | K36: 2 | L36: 220V交流 | M36: 2路10A引电
A37: 35 | D37: 政务外网区管理节点-4 | E37: 烽火R220K V2 | F37: 台 | G37: 1 | H37: 521 | I37: =H37*G37 -> 521 | K37: 2 | L37: 220V交流 | M37: 2路10A引电
A38: 36 | D38: 政务外网区管理节点-2 | E38: 烽火R220K V2 | F38: 台 | G38: 1 | H38: 521 | I38: =H38*G38 -> 521 | K38: 2 | L38: 220V交流 | M38: 2路10A引电
A39: 37 | C39: HW105-06 | D39: 政务外网区万兆业务交换机-1 | E39: 华为CE6881H | F39: 台 | G39: 1 | H39: 349 | I39: =H39*G39 -> 349 | J39: =SUM(I39:I47) -> 3848 | K39: 1 | L39: 220V交流 | M39: 2路10A引电
A40: 38 | D40: 政务外网区万兆业务管理交换机-1 | E40: 华为CE6881H | F40: 台 | G40: 1 | H40: 349 | I40: =H40*G40 -> 349 | K40: 1 | L40: 220V交流 | M40: 2路10A引电
A41: 39 | D41: 政务外网区增强型网络节点-1 | E41: 烽火R220K V2 | F41: 台 | G41: 1 | H41: 450 | I41: =H41*G41 -> 450 | K41: 2 | L41: 220V交流 | M41: 2路10A引电
A42: 40 | D42: 政务外网区网络节点-1 | E42: 烽火R220K V2 | F42: 台 | G42: 1 | H42: 450 | I42: =H42*G42 -> 450 | K42: 2 | L42: 220V交流 | M42: 2路10A引电
A43: 41 | D43: 政务外网区计算节点-9 | E43: 烽火R220K V2 | F43: 台 | G43: 1 | H43: 450 | I43: =H43*G43 -> 450 | K43: 2 | L43: 220V交流 | M43: 2路10A引电
A44: 42 | D44: 政务外网区计算节点-7 | E44: 烽火R220K V2 | F44: 台 | G44: 1 | H44: 450 | I44: =H44*G44 -> 450 | K44: 2 | L44: 220V交流 | M44: 2路10A引电
A45: 43 | D45: 政务外网区计算节点-5 | E45: 烽火R220K V2 | F45: 台 | G45: 1 | H45: 450 | I45: =H45*G45 -> 450 | K45: 2 | L45: 220V交流 | M45: 2路10A引电
A46: 44 | D46: 政务外网区计算节点-3 | E46: 烽火R220K V2 | F46: 台 | G46: 1 | H46: 450 | I46: =H46*G46 -> 450 | K46: 2 | L46: 220V交流 | M46: 2路10A引电
A47: 45 | D47: 政务外网区计算节点-1 | E47: 烽火R220K V2 | F47: 台 | G47: 1 | H47: 450 | I47: =H47*G47 -> 450 | K47: 2 | L47: 220V交流 | M47: 2路10A引电
A48: 46 | C48: HW105-08 | D48: 政务外网区万兆业务交换机-2 | E48: 华为CE6881H | F48: 台 | G48: 1 | H48: 349 | I48: =H48*G48 -> 349 | J48: =SUM(I48:I56) -> 3463 | K48: 1 | L48: 220V交流 | M48: 2路10A引电
A49: 47 | D49: 政务外网区万兆业务管理交换机-2 | E49: 华为CE6881H | F49: 台 | G49: 1 | H49: 349 | I49: =H49*G49 -> 349 | K49: 1 | L49: 220V交流 | M49: 2路10A引电
A50: 48 | D50: 政务外网区千兆BMC交换机-2 | E50: 华为5855 | F50: 台 | G50: 1 | H50: 65 | I50: =H50*G50 -> 65 | K50: 1 | L50: 220V交流 | M50: 2路10A引电
A51: 49 | D51: 政务外网区增强型网络节点-2 | E51: 烽火R220K V2 | F51: 台 | G51: 1 | H51: 450 | I51: =H51*G51 -> 450 | K51: 2 | L51: 220V交流 | M51: 2路10A引电
A52: 50 | D52: 政务外网区网络节点-2 | E52: 烽火R220K V2 | F52: 台 | G52: 1 | H52: 450 | I52: =H52*G52 -> 450 | K52: 2 | L52: 220V交流 | M52: 2路10A引电
A53: 51 | D53: 政务外网区计算节点-8 | E53: 烽火R220K V2 | F53: 台 | G53: 1 | H53: 450 | I53: =H53*G53 -> 450 | K53: 2 | L53: 220V交流 | M53: 2路10A引电
A54: 52 | D54: 政务外网区计算节点-6 | E54: 烽火R220K V2 | F54: 台 | G54: 1 | H54: 450 | I54: =H54*G54 -> 450 | K54: 2 | L54: 220V交流 | M54: 2路10A引电
A55: 53 | D55: 政务外网区计算节点-4 | E55: 烽火R220K V2 | F55: 台 | G55: 1 | H55: 450 | I55: =H55*G55 -> 450 | K55: 2 | L55: 220V交流 | M55: 2路10A引电
A56: 54 | D56: 政务外网区计算节点-2 | E56: 烽火R220K V2 | F56: 台 | G56: 1 | H56: 450 | I56: =H56*G56 -> 450 | K56: 2 | L56: 220V交流 | M56: 2路10A引电
A57: 55 | C57: HW105-09 | D57: 政务外网区X86计算节点-4 | E57: 华为2288 | F57: 台 | G57: 1 | H57: 450 | I57: =H57*G57 -> 450 | J57: =SUM(I57:I60) -> 1800 | K57: 2 | L57: 220V交流 | M57: 2路10A引电
A58: 56 | D58: 政务外网区X86计算节点-3 | E58: 华为2288 | F58: 台 | G58: 1 | H58: 450 | I58: =H58*G58 -> 450 | K58: 2 | L58: 220V交流 | M58: 2路10A引电
A59: 57 | D59: 政务外网区X86计算节点-2 | E59: 华为2288 | F59: 台 | G59: 1 | H59: 450 | I59: =H59*G59 -> 450 | K59: 2 | L59: 220V交流 | M59: 2路10A引电
A60: 58 | D60: 政务外网区X86计算节点-1 | E60: 华为2288 | F60: 台 | G60: 1 | H60: 450 | I60: =H60*G60 -> 450 | K60: 2 | L60: 220V交流 | M60: 2路10A引电
A61: 63 | C61: HW106-02 | D61: 政务外网区裸金属交换机-1 | E61: 华为CE6881H | F61: 台 | G61: 1 | H61: 349 | I61: =H61*G61 -> 349 | J61: =SUM(I61:I63) -> 3804 | K61: 1 | L61: 220V交流 | M61: 2路10A引电
A62: 64 | D62: 政务外网区裸金属网关-1 | E62: 烽火R220K V2 | F62: 台 | G62: 1 | H62: 450 | I62: =H62*G62 -> 450 | K62: 2 | L62: 220V交流 | M62: 2路10A引电
A63: 65 | D63: 政务外网区裸金属节点-1 | E63: 烽火G440K V2 | F63: 台 | G63: 1 | H63: 3005 | I63: =H63*G63 -> 3005 | K63: 4 | L63: 220V交流 | M63: 4路16A引电
A64: 66 | C64: HW106-03 | D64: 政务外网区裸金属交换机-2 | E64: 华为CE6881H | F64: 台 | G64: 1 | H64: 349 | I64: =H64*G64 -> 349 | J64: =SUM(I64:I66) -> 3804 | K64: 1 | L64: 220V交流 | M64: 2路10A引电
A65: 67 | D65: 政务外网区裸金属网关-2 | E65: 烽火R220K V2 | F65: 台 | G65: 1 | H65: 450 | I65: =H65*G65 -> 450 | K65: 2 | L65: 220V交流 | M65: 2路10A引电
A66: 68 | D66: 政务外网区裸金属节点-2 | E66: 烽火G440K V2 | F66: 台 | G66: 1 | H66: 3005 | I66: =H66*G66 -> 3005 | K66: 4 | L66: 220V交流 | M66: 4路16A引电
A67: 69 | C67: HW106-04 | D67: 政务外网区万兆存储交换机-1 | E67: 华为CE6881H | F67: 台 | G67: 1 | H67: 349 | I67: =H67*G67 -> 349 | J67: =SUM(I67:I72) -> 1921 | K67: 1 | L67: 220V交流 | M67: 2路10A引电
A68: 70 | D68: 政务外网区千兆BMC交换机-3 | E68: 华为5855 | F68: 台 | G68: 1 | H68: 65 | I68: =H68*G68 -> 65 | K68: 1 | L68: 220V交流 | M68: 2路10A引电
A69: 71 | D69: 政务外网区普通块存储-4 | E69: 华为9520 | F69: 台 | G69: 1 | H69: 1507 | I69: =H69*G69 -> 1507 | K69: 1 | L69: 220V交流 | M69: 2路10A引电
A70: 72 | D70: 政务外网区普通块存储-3 | E70: 华为9520 | F70: 台 | G70: 1 | K70: 2 | L70: 220V交流 | M70: 2路10A引电
A71: 73 | D71: 政务外网区普通块存储-2 | E71: 华为9520 | F71: 台 | G71: 1 | K71: 2 | L71: 220V交流 | M71: 2路10A引电
A72: 74 | D72: 政务外网区普通块存储-1 | E72: 华为9520 | F72: 台 | G72: 1 | K72: 2 | L72: 220V交流 | M72: 2路10A引电
A73: 75 | C73: HW106-06 | D73: 政务外网区万兆存储交换机-2 | E73: 华为CE6881H | F73: 台 | G73: 1 | H73: 349 | I73: =H73*G73 -> 349 | J73: =SUM(I73:I75) -> 1846 | K73: 1 | L73: 220V交流 | M73: 2路10A引电
A74: 76 | D74: 政务外网区本地备份节点-1 | E74: 中兴R5530 G2 | F74: 台 | G74: 1 | H74: 745 | I74: =H74*G74 -> 745 | K74: 1 | L74: 220V交流 | M74: 2路10A引电
A75: 77 | D75: 政务外网区SSD块存储-1 | E75: 华为5500 | F75: 台 | G75: 1 | H75: 752 | I75: =H75*G75 -> 752 | K75: 1 | L75: 220V交流 | M75: 2路10A引电
A76: 78 | B76: 互联网区 | C76: HW107-02 | D76: 互联网区出口防火墙-1 | E76: 华为1000E-F55 | F76: 台 | G76: 1 | H76: 180 | I76: =H76*G76 -> 180 | J76: =SUM(I76:I84) -> 3969 | K76: 1 | L76: 220V交流 | M76: 2路10A引电
A77: 79 | D77: 互联网区出口交换机-1 | E77: 华为CE6881H | F77: 台 | G77: 1 | H77: 349 | I77: =H77*G77 -> 349 | K77: 1 | L77: 220V交流 | M77: 2路10A引电
A78: 80 | D78: 互联网区抗DDOS清洗-1 | E78: 华为1905 | F78: 台 | G78: 1 | H78: 103 | I78: =H78*G78 -> 103 | K78: 1 | L78: 220V交流 | M78: 2路10A引电
A79: 81 | D79: 互联网区安全池交换机-1 | E79: 华为CE6881H | F79: 台 | G79: 1 | H79: 349 | I79: =H79*G79 -> 349 | K79: 1 | L79: 220V交流 | M79: 2路10A引电
A80: 82 | D80: 互联网区租户安全-7 | E80: 中兴R5930 G2 | F80: 台 | G80: 1 | H80: 513 | I80: =H80*G80 -> 513 | K80: 2 | L80: 220V交流 | M80: 2路10A引电
A81: 83 | D81: 互联网区租户安全-5 | E81: 中兴R5930 G2 | F81: 台 | G81: 1 | H81: 513 | I81: =H81*G81 -> 513 | K81: 2 | L81: 220V交流 | M81: 2路10A引电
A82: 84 | D82: 互联网区租户安全-3 | E82: 中兴R5930 G2 | F82: 台 | G82: 1 | H82: 513 | I82: =H82*G82 -> 513 | K82: 2 | L82: 220V交流 | M82: 2路10A引电
A83: 85 | D83: 互联网区租户安全-1 | E83: 中兴R5930 G2 | F83: 台 | G83: 1 | H83: 431 | I83: =H83*G83 -> 431 | K83: 2 | L83: 220V交流 | M83: 2路10A引电
A84: 86 | D84: 互联网区核心交换机-1 | E84: 华为CE8865-4C | F84: 台 | G84: 1 | H84: 1018 | I84: =H84*G84 -> 1018 | K84: 2 | L84: 220V交流 | M84: 2路10A引电
A85: 87 | B85: 互联网区 | C85: HW107-03 | D85: 互联网区出口防火墙-2 | E85: 华为1000E-F55 | F85: 台 | G85: 1 | H85: 180 | I85: =H85*G85 -> 180 | J85: =SUM(I85:I94) -> 3801 | K85: 1 | L85: 220V交流 | M85: 2路10A引电
A86: 88 | D86: 互联网区出口交换机-2 | E86: 华为CE6881H | F86: 台 | G86: 1 | H86: 349 | I86: =H86*G86 -> 349 | K86: 1 | L86: 220V交流 | M86: 2路10A引电
A87: 89 | D87: 互联网区抗DDOS检测-2 | E87: 华为1905 | F87: 台 | G87: 1 | H87: 103 | I87: =H87*G87 -> 103 | K87: 1 | L87: 220V交流 | M87: 2路10A引电
A88: 90 | D88: 互联网区安全池交换机-2 | E88: 华为CE6881H | F88: 台 | G88: 1 | H88: 349 | I88: =H88*G88 -> 349 | K88: 1 | L88: 220V交流 | M88: 2路10A引电
A89: 91 | D89: 互联网区千兆BMC交换机-1 | E89: 华为5855 | F89: 台 | G89: 1 | H89: 65 | I89: =H89*G89 -> 65 | K89: 1 | L89: 220V交流 | M89: 2路10A引电
A90: 92 | D90: 互联网区时间戳服务器-2 | E90: 信安SecSign-TS | F90: 台 | G90: 1 | H90: 280 | I90: =H90*G90 -> 280 | K90: 2 | L90: 220V交流 | M90: 2路10A引电
A91: 93 | D91: 互联网区租户安全-6 | E91: 中兴R5930 G2 | F91: 台 | G91: 1 | H91: 513 | I91: =H91*G91 -> 513 | K91: 2 | L91: 220V交流 | M91: 2路10A引电
A92: 94 | D92: 互联网区租户安全-4 | E92: 中兴R5930 G2 | F92: 台 | G92: 1 | H92: 513 | I92: =H92*G92 -> 513 | K92: 2 | L92: 220V交流 | M92: 2路10A引电
A93: 95 | D93: 互联网区租户安全-2 | E93: 中兴R5930 G2 | F93: 台 | G93: 1 | H93: 431 | I93: =H93*G93 -> 431 | K93: 2 | L93: 220V交流 | M93: 2路10A引电
A94: 96 | D94: 互联网区核心交换机-2 | E94: 华为CE8865-4C | F94: 台 | G94: 1 | H94: 1018 | I94: =H94*G94 -> 1018 | K94: 2 | L94: 220V交流 | M94: 2路10A引电
A95: 97 | C95: HW107-04 | D95: 互联网区万兆管理交换机-1 | E95: 华为CE6881H | F95: 台 | G95: 1 | H95: 349 | I95: =H95*G95 -> 349 | J95: =SUM(I95:I104) -> 3919 | K95: 1 | L95: 220V交流 | M95: 2路10A引电
A96: 98 | D96: 互联网区堡垒机-1 | E96: 信安SecHAC | F96: 台 | G96: 1 | H96: 285 | I96: =H96*G96 -> 285 | K96: 2 | L96: 220V交流 | M96: 2路10A引电
A97: 99 | D97: 互联网区综合安全网关-1 | E97: 信安SecGW | F97: 台 | G97: 1 | H97: 140 | I97: =H97*G97 -> 140 | K97: 1 | L97: 220V交流 | M97: 2路10A引电
A98: 100 | D98: 互联网区签名验签服务器-1 | E98: 信安SecHSM-Sign | F98: 台 | G98: 1 | H98: 270 | I98: =H98*G98 -> 270 | K98: 2 | L98: 220V交流 | M98: 2路10A引电
A99: 101 | D99: 互联网区服务器密码机-1 | E99: 信安SecHSM-Net | F99: 台 | G99: 1 | H99: 270 | I99: =H99*G99 -> 270 | K99: 2 | L99: 220V交流 | M99: 2路10A引电
A100: 102 | D100: 互联网区管理节点-9 | E100: 烽火R220K V2 | F100: 台 | G100: 1 | H100: 521 | I100: =H100*G100 -> 521 | K100: 2 | L100: 220V交流 | M100: 2路10A引电
...

Sheet 布线计划表
A1: 机房 | B1: 序号 | C1: 布线起点 | F1: 布线终点 | I1: 电缆名称 | J1: 电缆程式 | K1: 数量 （条） | L1: 长度（米） | M1: 合计 （米） | N1: 敷设方式 | O1: 提供方 | P1: 备注
C2: 机架编号 | D2: 设备名 | E2: 设备型号 | F2: 机架编号 | G2: 设备名 | H2: 设备型号
A3: 崇左城南二楼IDC机房 | B3: 1 | C3: =VLOOKUP(D3,'00设备表'!$D:$F,3,0) -> HW105-01 | D3: 政务外网区出口防火墙-1 | E3: =VLOOKUP(D3,'00设备表'!$D:$F,2,0) -> 华为1000E-F55 | F3: =VLOOKUP(G3,'00设备表'!$D:$F,3,0) -> HW105-02 | G3: 政务外网区出口防火墙-2 | H3: =VLOOKUP(G3,'00设备表'!$D:$F,2,0) -> 华为1000E-F55 | I3: 以太网线 | J3: =IF(I3="多模双头尾纤","LC-LC"&" "&L3&"米",IF(I3="单模双头尾纤","SC-LC"&" "&L3&"米",IF(I3="MPO双头尾纤","MPO-MPO"&" "&L3&"米",IF(I3="以太网线","超五类线",0)))) -> 超五类线 | K3: 2 | L3: =IF(C3=F3,10,(10+ROUNDUP(ABS(MID(C3,7,3)-MID(F3,7,3))/4,0)*5)) -> 15 | M3: =K3*L3 -> 30 | N3: =IF(L3=10,"架内走线","上走线") -> 上走线 | Q3: =IF(ABS(MID(C3,3,3)-MID(F3,3,3))<>0,"建议手动计算",IF(C3=F3,10,(10+ROUNDUP(ABS(MID(C3,7,3)-MID(F3,7,3))/4,0)*5))) -> 15
A4: 崇左城南二楼IDC机房 | B4: 2 | C4: =VLOOKUP(D4,'00设备表'!$D:$F,3,0) -> HW105-01 | D4: 政务外网区出口防火墙-1 | E4: =VLOOKUP(D4,'00设备表'!$D:$F,2,0) -> 华为1000E-F55 | F4: =VLOOKUP(G4,'00设备表'!$D:$F,3,0) -> HW105-01 | G4: 政务外网区核心交换机-1 | H4: =VLOOKUP(G4,'00设备表'!$D:$F,2,0) -> 华为CE8865-4C | I4: 多模双头尾纤 | J4: =IF(I4="多模双头尾纤","LC-LC"&" "&L4&"米",IF(I4="单模双头尾纤","SC-LC"&" "&L4&"米",IF(I4="MPO双头尾纤","MPO-MPO"&" "&L4&"米",IF(I4="以太网线","超五类线",0)))) -> LC-LC 10米 | K4: 2 | L4: =IF(C4=F4,10,(10+ROUNDUP(ABS(MID(C4,7,3)-MID(F4,7,3))/4,0)*5)) -> 10 | N4: =IF(L4=10,"架内走线","上走线") -> 架内走线 | Q4: =IF(ABS(MID(C4,3,3)-MID(F4,3,3))<>0,"建议手动计算",IF(C4=F4,10,(10+ROUNDUP(ABS(MID(C4,7,3)-MID(F4,7,3))/4,0)*5))) -> 10
A5: 崇左城南二楼IDC机房 | B5: 3 | C5: =VLOOKUP(D5,'00设备表'!$D:$F,3,0) -> HW105-01 | D5: 政务外网区出口防火墙-1 | E5: =VLOOKUP(D5,'00设备表'!$D:$F,2,0) -> 华为1000E-F55 | F5: =VLOOKUP(G5,'00设备表'!$D:$F,3,0) -> HW105-02 | G5: 政务外网区核心交换机-2 | H5: =VLOOKUP(G5,'00设备表'!$D:$F,2,0) -> 华为CE8865-4C | I5: 多模双头尾纤 | J5: =IF(I5="多模双头尾纤","LC-LC"&" "&L5&"米",IF(I5="单模双头尾纤","SC-LC"&" "&L5&"米",IF(I5="MPO双头尾纤","MPO-MPO"&" "&L5&"米",IF(I5="以太网线","超五类线",0)))) -> LC-LC 15米 | K5: 2 | L5: =IF(C5=F5,10,(10+ROUNDUP(ABS(MID(C5,7,3)-MID(F5,7,3))/4,0)*5)) -> 15 | N5: =IF(L5=10,"架内走线","上走线") -> 上走线 | P5: 至多云汇聚路由器 | Q5: =IF(ABS(MID(C5,3,3)-MID(F5,3,3))<>0,"建议手动计算",IF(C5=F5,10,(10+ROUNDUP(ABS(MID(C5,7,3)-MID(F5,7,3))/4,0)*5))) -> 15
A6: 崇左城南二楼IDC机房 | B6: 5 | C6: =VLOOKUP(D6,'00设备表'!$D:$F,3,0) -> HW105-01 | D6: 政务外网区出口防火墙-1 | E6: =VLOOKUP(D6,'00设备表'!$D:$F,2,0) -> 华为1000E-F55 | F6: HW104-07 | G6: 政务外网区核心交换机-1 | H6: 华为7706 | I6: 多模双头尾纤 | J6: =IF(I6="多模双头尾纤","LC-LC"&" "&L6&"米",IF(I6="单模双头尾纤","SC-LC"&" "&L6&"米",IF(I6="MPO双头尾纤","MPO-MPO"&" "&L6&"米",IF(I6="以太网线","超五类线",0)))) -> LC-LC 20米 | K6: 2 | L6: =IF(C6=F6,10,(10+ROUNDUP(ABS(MID(C6,7,3)-MID(F6,7,3))/4,0)*5)) -> 20 | N6: =IF(L6=10,"架内走线","上走线") -> 上走线 | P6: 至多云汇聚路由器 | Q6: =IF(ABS(MID(C6,3,3)-MID(F6,3,3))<>0,"建议手动计算",IF(C6=F6,10,(10+ROUNDUP(ABS(MID(C6,7,3)-MID(F6,7,3))/4,0)*5))) -> 建议手动计算
A7: 崇左城南二楼IDC机房 | B7: 6 | C7: =VLOOKUP(D7,'00设备表'!$D:$F,3,0) -> HW105-01 | D7: 政务外网区出口防火墙-1 | E7: =VLOOKUP(D7,'00设备表'!$D:$F,2,0) -> 华为1000E-F55 | F7: =VLOOKUP(G7,'00设备表'!$D:$F,3,0) -> HW105-04 | G7: 政务外网区专线交换机-1 | H7: =VLOOKUP(G7,'00设备表'!$D:$F,2,0) -> 华为CE6881H | I7: 多模双头尾纤 | J7: =IF(I7="多模双头尾纤","LC-LC"&" "&L7&"米",IF(I7="单模双头尾纤","SC-LC"&" "&L7&"米",IF(I7="MPO双头尾纤","MPO-MPO"&" "&L7&"米",IF(I7="以太网线","超五类线",0)))) -> LC-LC 15米 | K7: 2 | L7: =IF(C7=F7,10,(10+ROUNDUP(ABS(MID(C7,7,3)-MID(F7,7,3))/4,0)*5)) -> 15 | N7: =IF(L7=10,"架内走线","上走线") -> 上走线 | Q7: =IF(ABS(MID(C7,3,3)-MID(F7,3,3))<>0,"建议手动计算",IF(C7=F7,10,(10+ROUNDUP(ABS(MID(C7,7,3)-MID(F7,7,3))/4,0)*5))) -> 15
A8: 崇左城南二楼IDC机房 | B8: 7 | C8: =VLOOKUP(D8,'00设备表'!$D:$F,3,0) -> HW105-01 | D8: 政务外网区出口防火墙-1 | E8: =VLOOKUP(D8,'00设备表'!$D:$F,2,0) -> 华为1000E-F55 | F8: =VLOOKUP(G8,'00设备表'!$D:$F,3,0) -> HW105-05 | G8: 政务外网区专线交换机-2 | H8: =VLOOKUP(G8,'00设备表'!$D:$F,2,0) -> 华为CE6881H | I8: 多模双头尾纤 | J8: =IF(I8="多模双头尾纤","LC-LC"&" "&L8&"米",IF(I8="单模双头尾纤","SC-LC"&" "&L8&"米",IF(I8="MPO双头尾纤","MPO-MPO"&" "&L8&"米",IF(I8="以太网线","超五类线",0)))) -> LC-LC 15米 | K8: 2 | L8: =IF(C8=F8,10,(10+ROUNDUP(ABS(MID(C8,7,3)-MID(F8,7,3))/4,0)*5)) -> 15 | N8: =IF(L8=10,"架内走线","上走线") -> 上走线 | Q8: =IF(ABS(MID(C8,3,3)-MID(F8,3,3))<>0,"建议手动计算",IF(C8=F8,10,(10+ROUNDUP(ABS(MID(C8,7,3)-MID(F8,7,3))/4,0)*5))) -> 15
A9: 崇左城南二楼IDC机房 | B9: 9 | C9: =VLOOKUP(D9,'00设备表'!$D:$F,3,0) -> HW105-01 | D9: 政务外网区出口防火墙-1 | E9: =VLOOKUP(D9,'00设备表'!$D:$F,2,0) -> 华为1000E-F55 | F9: =VLOOKUP(G9,'00设备表'!$D:$F,3,0) -> HW109-01 | G9: ODF（柳东方向） | H9: =VLOOKUP(G9,'00设备表'!$D:$F,2,0) -> ODF | I9: 单模双头尾纤 | J9: SC-LC 35米 | K9: 2 | L9: 35 | N9: =IF(L9=10,"架内走线","上走线") -> 上走线 | Q9: =IF(ABS(MID(C9,3,3)-MID(F9,3,3))<>0,"建议手动计算",IF(C9=F9,10,(10+ROUNDUP(ABS(MID(C9,7,3)-MID(F9,7,3))/4,0)*5))) -> 建议手动计算
A10: 崇左城南二楼IDC机房 | B10: 10 | C10: =VLOOKUP(D10,'00设备表'!$D:$F,3,0) -> HW105-01 | D10: 政务外网区出口防火墙-1 | E10: =VLOOKUP(D10,'00设备表'!$D:$F,2,0) -> 华为1000E-F55 | F10: =VLOOKUP(G10,'00设备表'!$D:$F,3,0) -> HW108-07 | G10: 管理区核心交换机-1 | H10: =VLOOKUP(G10,'00设备表'!$D:$F,2,0) -> 华为CE16804 | I10: 多模双头尾纤 | J10: =IF(I10="多模双头尾纤","LC-LC"&" "&L10&"米",IF(I10="单模双头尾纤","SC-LC"&" "&L10&"米",IF(I10="MPO双头尾纤","MPO-MPO"&" "&L10&"米",IF(I10="以太网线","超五类线",0)))) -> LC-LC 20米 | K10: 2 | L10: =IF(C10=F10,10,(10+ROUNDUP(ABS(MID(C10,7,3)-MID(F10,7,3))/4,0)*5)) -> 20 | N10: =IF(L10=10,"架内走线","上走线") -> 上走线 | Q10: =IF(ABS(MID(C10,3,3)-MID(F10,3,3))<>0,"建议手动计算",IF(C10=F10,10,(10+ROUNDUP(ABS(MID(C10,7,3)-MID(F10,7,3))/4,0)*5))) -> 建议手动计算
A11: 崇左城南二楼IDC机房 | B11: 11 | C11: =VLOOKUP(D11,'00设备表'!$D:$F,3,0) -> HW105-02 | D11: 政务外网区出口防火墙-2 | E11: =VLOOKUP(D11,'00设备表'!$D:$F,2,0) -> 华为1000E-F55 | F11: =VLOOKUP(G11,'00设备表'!$D:$F,3,0) -> HW105-01 | G11: 政务外网区核心交换机-1 | H11: =VLOOKUP(G11,'00设备表'!$D:$F,2,0) -> 华为CE8865-4C | I11: 多模双头尾纤 | J11: =IF(I11="多模双头尾纤","LC-LC"&" "&L11&"米",IF(I11="单模双头尾纤","SC-LC"&" "&L11&"米",IF(I11="MPO双头尾纤","MPO-MPO"&" "&L11&"米",IF(I11="以太网线","超五类线",0)))) -> LC-LC 15米 | K11: 2 | L11: =IF(C11=F11,10,(10+ROUNDUP(ABS(MID(C11,7,3)-MID(F11,7,3))/4,0)*5)) -> 15 | N11: =IF(L11=10,"架内走线","上走线") -> 上走线 | Q11: =IF(ABS(MID(C11,3,3)-MID(F11,3,3))<>0,"建议手动计算",IF(C11=F11,10,(10+ROUNDUP(ABS(MID(C11,7,3)-MID(F11,7,3))/4,0)*5))) -> 15
A12: 崇左城南二楼IDC机房 | B12: 12 | C12: =VLOOKUP(D12,'00设备表'!$D:$F,3,0) -> HW105-02 | D12: 政务外网区出口防火墙-2 | E12: =VLOOKUP(D12,'00设备表'!$D:$F,2,0) -> 华为1000E-F55 | F12: =VLOOKUP(G12,'00设备表'!$D:$F,3,0) -> HW105-02 | G12: 政务外网区核心交换机-2 | H12: =VLOOKUP(G12,'00设备表'!$D:$F,2,0) -> 华为CE8865-4C | I12: 多模双头尾纤 | J12: =IF(I12="多模双头尾纤","LC-LC"&" "&L12&"米",IF(I12="单模双头尾纤","SC-LC"&" "&L12&"米",IF(I12="MPO双头尾纤","MPO-MPO"&" "&L12&"米",IF(I12="以太网线","超五类线",0)))) -> LC-LC 10米 | K12: 2 | L12: =IF(C12=F12,10,(10+ROUNDUP(ABS(MID(C12,7,3)-MID(F12,7,3))/4,0)*5)) -> 10 | N12: =IF(L12=10,"架内走线","上走线") -> 架内走线 | Q12: =IF(ABS(MID(C12,3,3)-MID(F12,3,3))<>0,"建议手动计算",IF(C12=F12,10,(10+ROUNDUP(ABS(MID(C12,7,3)-MID(F12,7,3))/4,0)*5))) -> 10
A13: 崇左城南二楼IDC机房 | B13: 14 | C13: =VLOOKUP(D13,'00设备表'!$D:$F,3,0) -> HW105-02 | D13: 政务外网区出口防火墙-2 | E13: =VLOOKUP(D13,'00设备表'!$D:$F,2,0) -> 华为1000E-F55 | F13: HW104-06 | G13: 政务外网区核心交换机-2 | H13: 华为7706 | I13: 多模双头尾纤 | J13: =IF(I13="多模双头尾纤","LC-LC"&" "&L13&"米",IF(I13="单模双头尾纤","SC-LC"&" "&L13&"米",IF(I13="MPO双头尾纤","MPO-MPO"&" "&L13&"米",IF(I13="以太网线","超五类线",0)))) -> LC-LC 15米 | K13: 2 | L13: =IF(C13=F13,10,(10+ROUNDUP(ABS(MID(C13,7,3)-MID(F13,7,3))/4,0)*5)) -> 15 | N13: =IF(L13=10,"架内走线","上走线") -> 上走线 | Q13: =IF(ABS(MID(C13,3,3)-MID(F13,3,3))<>0,"建议手动计算",IF(C13=F13,10,(10+ROUNDUP(ABS(MID(C13,7,3)-MID(F13,7,3))/4,0)*5))) -> 建议手动计算
A14: 崇左城南二楼IDC机房 | B14: 15 | C14: =VLOOKUP(D14,'00设备表'!$D:$F,3,0) -> HW105-02 | D14: 政务外网区出口防火墙-2 | E14: =VLOOKUP(D14,'00设备表'!$D:$F,2,0) -> 华为1000E-F55 | F14: =VLOOKUP(G14,'00设备表'!$D:$F,3,0) -> HW105-04 | G14: 政务外网区专线交换机-1 | H14: =VLOOKUP(G14,'00设备表'!$D:$F,2,0) -> 华为CE6881H | I14: 多模双头尾纤 | J14: =IF(I14="多模双头尾纤","LC-LC"&" "&L14&"米",IF(I14="单模双头尾纤","SC-LC"&" "&L14&"米",IF(I14="MPO双头尾纤","MPO-MPO"&" "&L14&"米",IF(I14="以太网线","超五类线",0)))) -> LC-LC 15米 | K14: 2 | L14: =IF(C14=F14,10,(10+ROUNDUP(ABS(MID(C14,7,3)-MID(F14,7,3))/4,0)*5)) -> 15 | N14: =IF(L14=10,"架内走线","上走线") -> 上走线 | Q14: =IF(ABS(MID(C14,3,3)-MID(F14,3,3))<>0,"建议手动计算",IF(C14=F14,10,(10+ROUNDUP(ABS(MID(C14,7,3)-MID(F14,7,3))/4,0)*5))) -> 15
A15: 崇左城南二楼IDC机房 | B15: 16 | C15: =VLOOKUP(D15,'00设备表'!$D:$F,3,0) -> HW105-02 | D15: 政务外网区出口防火墙-2 | E15: =VLOOKUP(D15,'00设备表'!$D:$F,2,0) -> 华为1000E-F55 | F15: =VLOOKUP(G15,'00设备表'!$D:$F,3,0) -> HW105-05 | G15: 政务外网区专线交换机-2 | H15: =VLOOKUP(G15,'00设备表'!$D:$F,2,0) -> 华为CE6881H | I15: 多模双头尾纤 | J15: =IF(I15="多模双头尾纤","LC-LC"&" "&L15&"米",IF(I15="单模双头尾纤","SC-LC"&" "&L15&"米",IF(I15="MPO双头尾纤","MPO-MPO"&" "&L15&"米",IF(I15="以太网线","超五类线",0)))) -> LC-LC 15米 | K15: 2 | L15: =IF(C15=F15,10,(10+ROUNDUP(ABS(MID(C15,7,3)-MID(F15,7,3))/4,0)*5)) -> 15 | N15: =IF(L15=10,"架内走线","上走线") -> 上走线 | Q15: =IF(ABS(MID(C15,3,3)-MID(F15,3,3))<>0,"建议手动计算",IF(C15=F15,10,(10+ROUNDUP(ABS(MID(C15,7,3)-MID(F15,7,3))/4,0)*5))) -> 15
A16: 崇左城南二楼IDC机房 | B16: 18 | C16: =VLOOKUP(D16,'00设备表'!$D:$F,3,0) -> HW107-02 | D16: 互联网区出口防火墙-1 | E16: =VLOOKUP(D16,'00设备表'!$D:$F,2,0) -> 华为1000E-F55 | F16: =VLOOKUP(G16,'00设备表'!$D:$F,3,0) -> HW107-03 | G16: 互联网区出口防火墙-2 | H16: =VLOOKUP(G16,'00设备表'!$D:$F,2,0) -> 华为1000E-F55 | I16: 以太网线 | J16: =IF(I16="多模双头尾纤","LC-LC"&" "&L16&"米",IF(I16="单模双头尾纤","SC-LC"&" "&L16&"米",IF(I16="MPO双头尾纤","MPO-MPO"&" "&L16&"米",IF(I16="以太网线","超五类线",0)))) -> 超五类线 | K16: 2 | L16: =IF(C16=F16,10,(10+ROUNDUP(ABS(MID(C16,7,3)-MID(F16,7,3))/4,0)*5)) -> 15 | M16: =K16*L16 -> 30 | N16: =IF(L16=10,"架内走线","上走线") -> 上走线 | Q16: =IF(ABS(MID(C16,3,3)-MID(F16,3,3))<>0,"建议手动计算",IF(C16=F16,10,(10+ROUNDUP(ABS(MID(C16,7,3)-MID(F16,7,3))/4,0)*5))) -> 15
A17: 崇左城南二楼IDC机房 | B17: 19 | C17: =VLOOKUP(D17,'00设备表'!$D:$F,3,0) -> HW107-02 | D17: 互联网区出口防火墙-1 | E17: =VLOOKUP(D17,'00设备表'!$D:$F,2,0) -> 华为1000E-F55 | F17: =VLOOKUP(G17,'00设备表'!$D:$F,3,0) -> HW107-02 | G17: 互联网区出口交换机-1 | H17: =VLOOKUP(G17,'00设备表'!$D:$F,2,0) -> 华为CE6881H | I17: 多模双头尾纤 | J17: =IF(I17="多模双头尾纤","LC-LC"&" "&L17&"米",IF(I17="单模双头尾纤","SC-LC"&" "&L17&"米",IF(I17="MPO双头尾纤","MPO-MPO"&" "&L17&"米",IF(I17="以太网线","超五类线",0)))) -> LC-LC 10米 | K17: 2 | L17: =IF(C17=F17,10,(10+ROUNDUP(ABS(MID(C17,7,3)-MID(F17,7,3))/4,0)*5)) -> 10 | N17: =IF(L17=10,"架内走线","上走线") -> 架内走线 | Q17: =IF(ABS(MID(C17,3,3)-MID(F17,3,3))<>0,"建议手动计算",IF(C17=F17,10,(10+ROUNDUP(ABS(MID(C17,7,3)-MID(F17,7,3))/4,0)*5))) -> 10
A18: 崇左城南二楼IDC机房 | B18: 20 | C18: =VLOOKUP(D18,'00设备表'!$D:$F,3,0) -> HW107-02 | D18: 互联网区出口防火墙-1 | E18: =VLOOKUP(D18,'00设备表'!$D:$F,2,0) -> 华为1000E-F55 | F18: =VLOOKUP(G18,'00设备表'!$D:$F,3,0) -> HW107-03 | G18: 互联网区出口交换机-2 | H18: =VLOOKUP(G18,'00设备表'!$D:$F,2,0) -> 华为CE6881H | I18: 多模双头尾纤 | J18: =IF(I18="多模双头尾纤","LC-LC"&" "&L18&"米",IF(I18="单模双头尾纤","SC-LC"&" "&L18&"米",IF(I18="MPO双头尾纤","MPO-MPO"&" "&L18&"米",IF(I18="以太网线","超五类线",0)))) -> LC-LC 15米 | K18: 2 | L18: =IF(C18=F18,10,(10+ROUNDUP(ABS(MID(C18,7,3)-MID(F18,7,3))/4,0)*5)) -> 15 | N18: =IF(L18=10,"架内走线","上走线") -> 上走线 | P18: 至多云汇聚路由器 | Q18: =IF(ABS(MID(C18,3,3)-MID(F18,3,3))<>0,"建议手动计算",IF(C18=F18,10,(10+ROUNDUP(ABS(MID(C18,7,3)-MID(F18,7,3))/4,0)*5))) -> 15
A19: 崇左城南二楼IDC机房 | B19: 21 | C19: =VLOOKUP(D19,'00设备表'!$D:$F,3,0) -> HW107-02 | D19: 互联网区分光器-1 | E19: =VLOOKUP(D19,'00设备表'!$D:$F,2,0) -> 华为OOSSMRC00 | F19: HW109-01 | G19: ODF（163 MSE NE40) | H19: NE40 | I19: 单模双头尾纤 | J19: SC-LC 35米 | K19: 2 | L19: =IF(C19=F19,10,(10+ROUNDUP(ABS(MID(C19,7,3)-MID(F19,7,3))/4,0)*5)) -> 15 | N19: =IF(L19=10,"架内走线","上走线") -> 上走线 | Q19: =IF(ABS(MID(C19,3,3)-MID(F19,3,3))<>0,"建议手动计算",IF(C19=F19,10,(10+ROUNDUP(ABS(MID(C19,7,3)-MID(F19,7,3))/4,0)*5))) -> 建议手动计算
A20: 崇左城南二楼IDC机房 | B20: 22 | C20: =VLOOKUP(D20,'00设备表'!$D:$F,3,0) -> HW107-02 | D20: 互联网区出口防火墙-1 | E20: =VLOOKUP(D20,'00设备表'!$D:$F,2,0) -> 华为1000E-F55 | F20: =VLOOKUP(G20,'00设备表'!$D:$F,3,0) -> HW107-07 | G20: 互联网区专线交换机-1 | H20: =VLOOKUP(G20,'00设备表'!$D:$F,2,0) -> 华为CE6881H | I20: 多模双头尾纤 | J20: =IF(I20="多模双头尾纤","LC-LC"&" "&L20&"米",IF(I20="单模双头尾纤","SC-LC"&" "&L20&"米",IF(I20="MPO双头尾纤","MPO-MPO"&" "&L20&"米",IF(I20="以太网线","超五类线",0)))) -> LC-LC 20米 | K20: 2 | L20: =IF(C20=F20,10,(10+ROUNDUP(ABS(MID(C20,7,3)-MID(F20,7,3))/4,0)*5)) -> 20 | N20: =IF(L20=10,"架内走线","上走线") -> 上走线 | Q20: =IF(ABS(MID(C20,3,3)-MID(F20,3,3))<>0,"建议手动计算",IF(C20=F20,10,(10+ROUNDUP(ABS(MID(C20,7,3)-MID(F20,7,3))/4,0)*5))) -> 20
A21: 崇左城南二楼IDC机房 | B21: 22 | C21: =VLOOKUP(D21,'00设备表'!$D:$F,3,0) -> HW107-02 | D21: 互联网区出口防火墙-1 | E21: =VLOOKUP(D21,'00设备表'!$D:$F,2,0) -> 华为1000E-F55 | F21: =VLOOKUP(G21,'00设备表'!$D:$F,3,0) -> HW107-08 | G21: 互联网区专线交换机-2 | H21: =VLOOKUP(G21,'00设备表'!$D:$F,2,0) -> 华为CE6881H | I21: 多模双头尾纤 | J21: =IF(I21="多模双头尾纤","LC-LC"&" "&L21&"米",IF(I21="单模双头尾纤","SC-LC"&" "&L21&"米",IF(I21="MPO双头尾纤","MPO-MPO"&" "&L21&"米",IF(I21="以太网线","超五类线",0)))) -> LC-LC 20米 | K21: 2 | L21: =IF(C21=F21,10,(10+ROUNDUP(ABS(MID(C21,7,3)-MID(F21,7,3))/4,0)*5)) -> 20 | N21: =IF(L21=10,"架内走线","上走线") -> 上走线 | Q21: =IF(ABS(MID(C21,3,3)-MID(F21,3,3))<>0,"建议手动计算",IF(C21=F21,10,(10+ROUNDUP(ABS(MID(C21,7,3)-MID(F21,7,3))/4,0)*5))) -> 20
A22: 崇左城南二楼IDC机房 | B22: 23 | C22: =VLOOKUP(D22,'00设备表'!$D:$F,3,0) -> HW107-02 | D22: 互联网区出口防火墙-1 | E22: =VLOOKUP(D22,'00设备表'!$D:$F,2,0) -> 华为1000E-F55 | F22: =VLOOKUP(G22,'00设备表'!$D:$F,3,0) -> HW109-01 | G22: ODF（柳东方向） | H22: =VLOOKUP(G22,'00设备表'!$D:$F,2,0) -> ODF | I22: 单模双头尾纤 | J22: SC-LC 35米 | K22: 2 | L22: 35 | N22: =IF(L22=10,"架内走线","上走线") -> 上走线 | Q22: =IF(ABS(MID(C22,3,3)-MID(F22,3,3))<>0,"建议手动计算",IF(C22=F22,10,(10+ROUNDUP(ABS(MID(C22,7,3)-MID(F22,7,3))/4,0)*5))) -> 建议手动计算
A23: 崇左城南二楼IDC机房 | B23: 25 | C23: =VLOOKUP(D23,'00设备表'!$D:$F,3,0) -> HW107-03 | D23: 互联网区出口防火墙-2 | E23: =VLOOKUP(D23,'00设备表'!$D:$F,2,0) -> 华为1000E-F55 | F23: =VLOOKUP(G23,'00设备表'!$D:$F,3,0) -> HW107-02 | G23: 互联网区出口交换机-1 | H23: =VLOOKUP(G23,'00设备表'!$D:$F,2,0) -> 华为CE6881H | I23: 多模双头尾纤 | J23: =IF(I23="多模双头尾纤","LC-LC"&" "&L23&"米",IF(I23="单模双头尾纤","SC-LC"&" "&L23&"米",IF(I23="MPO双头尾纤","MPO-MPO"&" "&L23&"米",IF(I23="以太网线","超五类线",0)))) -> LC-LC 15米 | K23: 2 | L23: =IF(C23=F23,10,(10+ROUNDUP(ABS(MID(C23,7,3)-MID(F23,7,3))/4,0)*5)) -> 15 | N23: =IF(L23=10,"架内走线","上走线") -> 上走线 | Q23: =IF(ABS(MID(C23,3,3)-MID(F23,3,3))<>0,"建议手动计算",IF(C23=F23,10,(10+ROUNDUP(ABS(MID(C23,7,3)-MID(F23,7,3))/4,0)*5))) -> 15
A24: 崇左城南二楼IDC机房 | B24: 26 | C24: =VLOOKUP(D24,'00设备表'!$D:$F,3,0) -> HW107-03 | D24: 互联网区出口防火墙-2 | E24: =VLOOKUP(D24,'00设备表'!$D:$F,2,0) -> 华为1000E-F55 | F24: =VLOOKUP(G24,'00设备表'!$D:$F,3,0) -> HW107-03 | G24: 互联网区出口交换机-2 | H24: =VLOOKUP(G24,'00设备表'!$D:$F,2,0) -> 华为CE6881H | I24: 多模双头尾纤 | J24: =IF(I24="多模双头尾纤","LC-LC"&" "&L24&"米",IF(I24="单模双头尾纤","SC-LC"&" "&L24&"米",IF(I24="MPO双头尾纤","MPO-MPO"&" "&L24&"米",IF(I24="以太网线","超五类线",0)))) -> LC-LC 10米 | K24: 2 | L24: =IF(C24=F24,10,(10+ROUNDUP(ABS(MID(C24,7,3)-MID(F24,7,3))/4,0)*5)) -> 10 | N24: =IF(L24=10,"架内走线","上走线") -> 架内走线 | Q24: =IF(ABS(MID(C24,3,3)-MID(F24,3,3))<>0,"建议手动计算",IF(C24=F24,10,(10+ROUNDUP(ABS(MID(C24,7,3)-MID(F24,7,3))/4,0)*5))) -> 10
A25: 崇左城南二楼IDC机房 | B25: 27 | C25: =VLOOKUP(D25,'00设备表'!$D:$F,3,0) -> HW107-03 | D25: 互联网区出口防火墙-2 | E25: =VLOOKUP(D25,'00设备表'!$D:$F,2,0) -> 华为1000E-F55 | F25: =VLOOKUP(G25,'00设备表'!$D:$F,3,0) -> HW107-07 | G25: 互联网区专线交换机-1 | H25: =VLOOKUP(G25,'00设备表'!$D:$F,2,0) -> 华为CE6881H | I25: 多模双头尾纤 | J25: =IF(I25="多模双头尾纤","LC-LC"&" "&L25&"米",IF(I25="单模双头尾纤","SC-LC"&" "&L25&"米",IF(I25="MPO双头尾纤","MPO-MPO"&" "&L25&"米",IF(I25="以太网线","超五类线",0)))) -> LC-LC 15米 | K25: 2 | L25: =IF(C25=F25,10,(10+ROUNDUP(ABS(MID(C25,7,3)-MID(F25,7,3))/4,0)*5)) -> 15 | N25: =IF(L25=10,"架内走线","上走线") -> 上走线 | Q25: =IF(ABS(MID(C25,3,3)-MID(F25,3,3))<>0,"建议手动计算",IF(C25=F25,10,(10+ROUNDUP(ABS(MID(C25,7,3)-MID(F25,7,3))/4,0)*5))) -> 15
A26: 崇左城南二楼IDC机房 | B26: 27 | C26: =VLOOKUP(D26,'00设备表'!$D:$F,3,0) -> HW107-03 | D26: 互联网区出口防火墙-2 | E26: =VLOOKUP(D26,'00设备表'!$D:$F,2,0) -> 华为1000E-F55 | F26: =VLOOKUP(G26,'00设备表'!$D:$F,3,0) -> HW107-08 | G26: 互联网区专线交换机-2 | H26: =VLOOKUP(G26,'00设备表'!$D:$F,2,0) -> 华为CE6881H | I26: 多模双头尾纤 | J26: =IF(I26="多模双头尾纤","LC-LC"&" "&L26&"米",IF(I26="单模双头尾纤","SC-LC"&" "&L26&"米",IF(I26="MPO双头尾纤","MPO-MPO"&" "&L26&"米",IF(I26="以太网线","超五类线",0)))) -> LC-LC 20米 | K26: 2 | L26: =IF(C26=F26,10,(10+ROUNDUP(ABS(MID(C26,7,3)-MID(F26,7,3))/4,0)*5)) -> 20 | N26: =IF(L26=10,"架内走线","上走线") -> 上走线 | Q26: =IF(ABS(MID(C26,3,3)-MID(F26,3,3))<>0,"建议手动计算",IF(C26=F26,10,(10+ROUNDUP(ABS(MID(C26,7,3)-MID(F26,7,3))/4,0)*5))) -> 20
A27: 崇左城南二楼IDC机房 | B27: 27 | C27: =VLOOKUP(D27,'00设备表'!$D:$F,3,0) -> HW107-03 | D27: 互联网区分光器-2 | E27: =VLOOKUP(D27,'00设备表'!$D:$F,2,0) -> 华为OOSSMRC00 | F27: HW109-01 | G27: ODF（163 M6000-18S) | H27: M6000-18S | I27: 单模双头尾纤 | J27: SC-LC 35米 | K27: 2 | L27: =IF(C27=F27,10,(10+ROUNDUP(ABS(MID(C27,7,3)-MID(F27,7,3))/4,0)*5)) -> 15 | N27: =IF(L27=10,"架内走线","上走线") -> 上走线 | Q27: =IF(ABS(MID(C27,3,3)-MID(F27,3,3))<>0,"建议手动计算",IF(C27=F27,10,(10+ROUNDUP(ABS(MID(C27,7,3)-MID(F27,7,3))/4,0)*5))) -> 建议手动计算
A28: 崇左城南二楼IDC机房 | B28: 28 | C28: =VLOOKUP(D28,'00设备表'!$D:$F,3,0) -> HW108-07 | D28: 管理区防火墙-1 | E28: =VLOOKUP(D28,'00设备表'!$D:$F,2,0) -> 华为1000E-F125 | F28: =VLOOKUP(G28,'00设备表'!$D:$F,3,0) -> HW108-09 | G28: 管理区防火墙-2 | H28: =VLOOKUP(G28,'00设备表'!$D:$F,2,0) -> 华为1000E-F125 | I28: MPO双头尾纤 | J28: =IF(I28="多模双头尾纤","LC-LC"&" "&L28&"米",IF(I28="单模双头尾纤","SC-LC"&" "&L28&"米",IF(I28="MPO双头尾纤","MPO-MPO"&" "&L28&"米",IF(I28="以太网线","超五类线",0)))) -> MPO-MPO 15米 | K28: 2 | L28: =IF(C28=F28,10,(10+ROUNDUP(ABS(MID(C28,7,3)-MID(F28,7,3))/4,0)*5)) -> 15 | M28: =K28*L28 -> 30 | N28: =IF(L28=10,"架内走线","上走线") -> 上走线 | Q28: =IF(ABS(MID(C28,3,3)-MID(F28,3,3))<>0,"建议手动计算",IF(C28=F28,10,(10+ROUNDUP(ABS(MID(C28,7,3)-MID(F28,7,3))/4,0)*5))) -> 15
A29: 崇左城南二楼IDC机房 | B29: 29 | C29: =VLOOKUP(D29,'00设备表'!$D:$F,3,0) -> HW108-07 | D29: 管理区防火墙-1 | E29: =VLOOKUP(D29,'00设备表'!$D:$F,2,0) -> 华为1000E-F125 | F29: =VLOOKUP(G29,'00设备表'!$D:$F,3,0) -> HW108-07 | G29: 运维区万兆管理交换机-1 | H29: =VLOOKUP(G29,'00设备表'!$D:$F,2,0) -> 华为CE6881H | I29: 多模双头尾纤 | J29: =IF(I29="多模双头尾纤","LC-LC"&" "&L29&"米",IF(I29="单模双头尾纤","SC-LC"&" "&L29&"米",IF(I29="MPO双头尾纤","MPO-MPO"&" "&L29&"米",IF(I29="以太网线","超五类线",0)))) -> LC-LC 10米 | K29: 2 | L29: =IF(C29=F29,10,(10+ROUNDUP(ABS(MID(C29,7,3)-MID(F29,7,3))/4,0)*5)) -> 10 | N29: =IF(L29=10,"架内走线","上走线") -> 架内走线 | Q29: =IF(ABS(MID(C29,3,3)-MID(F29,3,3))<>0,"建议手动计算",IF(C29=F29,10,(10+ROUNDUP(ABS(MID(C29,7,3)-MID(F29,7,3))/4,0)*5))) -> 10
A30: 崇左城南二楼IDC机房 | B30: 30 | C30: =VLOOKUP(D30,'00设备表'!$D:$F,3,0) -> HW108-09 | D30: 管理区防火墙-2 | E30: =VLOOKUP(D30,'00设备表'!$D:$F,2,0) -> 华为1000E-F125 | F30: =VLOOKUP(G30,'00设备表'!$D:$F,3,0) -> HW108-09 | G30: 运维区万兆管理交换机-2 | H30: =VLOOKUP(G30,'00设备表'!$D:$F,2,0) -> 华为CE6881H | I30: 多模双头尾纤 | J30: =IF(I30="多模双头尾纤","LC-LC"&" "&L30&"米",IF(I30="单模双头尾纤","SC-LC"&" "&L30&"米",IF(I30="MPO双头尾纤","MPO-MPO"&" "&L30&"米",IF(I30="以太网线","超五类线",0)))) -> LC-LC 10米 | K30: 2 | L30: =IF(C30=F30,10,(10+ROUNDUP(ABS(MID(C30,7,3)-MID(F30,7,3))/4,0)*5)) -> 10 | M30: =K30*L30 -> 20 | N30: =IF(L30=10,"架内走线","上走线") -> 架内走线 | Q30: =IF(ABS(MID(C30,3,3)-MID(F30,3,3))<>0,"建议手动计算",IF(C30=F30,10,(10+ROUNDUP(ABS(MID(C30,7,3)-MID(F30,7,3))/4,0)*5))) -> 10
A31: 崇左城南二楼IDC机房 | B31: 31 | C31: =VLOOKUP(D31,'00设备表'!$D:$F,3,0) -> HW105-01 | D31: 政务外网区核心交换机-1 | E31: =VLOOKUP(D31,'00设备表'!$D:$F,2,0) -> 华为CE8865-4C | F31: =VLOOKUP(G31,'00设备表'!$D:$F,3,0) -> HW105-02 | G31: 政务外网区核心交换机-2 | H31: =VLOOKUP(G31,'00设备表'!$D:$F,2,0) -> 华为CE8865-4C | I31: 多模双头尾纤 | J31: =IF(I31="多模双头尾纤","LC-LC"&" "&L31&"米",IF(I31="单模双头尾纤","SC-LC"&" "&L31&"米",IF(I31="MPO双头尾纤","MPO-MPO"&" "&L31&"米",IF(I31="以太网线","超五类线",0)))) -> LC-LC 15米 | K31: 4 | L31: =IF(C31=F31,10,(10+ROUNDUP(ABS(MID(C31,7,3)-MID(F31,7,3))/4,0)*5)) -> 15 | N31: =IF(L31=10,"架内走线","上走线") -> 上走线 | Q31: =IF(ABS(MID(C31,3,3)-MID(F31,3,3))<>0,"建议手动计算",IF(C31=F31,10,(10+ROUNDUP(ABS(MID(C31,7,3)-MID(F31,7,3))/4,0)*5))) -> 15
A32: 崇左城南二楼IDC机房 | B32: 32 | C32: =VLOOKUP(D32,'00设备表'!$D:$F,3,0) -> HW105-01 | D32: 政务外网区核心交换机-1 | E32: =VLOOKUP(D32,'00设备表'!$D:$F,2,0) -> 华为CE8865-4C | F32: =VLOOKUP(G32,'00设备表'!$D:$F,3,0) -> HW105-02 | G32: 政务外网区核心交换机-2 | H32: =VLOOKUP(G32,'00设备表'!$D:$F,2,0) -> 华为CE8865-4C | I32: MPO双头尾纤 | J32: =IF(I32="多模双头尾纤","LC-LC"&" "&L32&"米",IF(I32="单模双头尾纤","SC-LC"&" "&L32&"米",IF(I32="MPO双头尾纤","MPO-MPO"&" "&L32&"米",IF(I32="以太网线","超五类线",0)))) -> MPO-MPO 15米 | K32: 2 | L32: =IF(C32=F32,10,(10+ROUNDUP(ABS(MID(C32,7,3)-MID(F32,7,3))/4,0)*5)) -> 15 | N32: =IF(L32=10,"架内走线","上走线") -> 上走线 | Q32: =IF(ABS(MID(C32,3,3)-MID(F32,3,3))<>0,"建议手动计算",IF(C32=F32,10,(10+ROUNDUP(ABS(MID(C32,7,3)-MID(F32,7,3))/4,0)*5))) -> 15
A33: 崇左城南二楼IDC机房 | B33: 33 | C33: =VLOOKUP(D33,'00设备表'!$D:$F,3,0) -> HW105-01 | D33: 政务外网区核心交换机-1 | E33: =VLOOKUP(D33,'00设备表'!$D:$F,2,0) -> 华为CE8865-4C | F33: =VLOOKUP(G33,'00设备表'!$D:$F,3,0) -> HW105-06 | G33: 政务外网区万兆业务交换机-1 | H33: =VLOOKUP(G33,'00设备表'!$D:$F,2,0) -> 华为CE6881H | I33: MPO双头尾纤 | J33: =IF(I33="多模双头尾纤","LC-LC"&" "&L33&"米",IF(I33="单模双头尾纤","SC-LC"&" "&L33&"米",IF(I33="MPO双头尾纤","MPO-MPO"&" "&L33&"米",IF(I33="以太网线","超五类线",0)))) -> MPO-MPO 20米 | K33: 1 | L33: =IF(C33=F33,10,(10+ROUNDUP(ABS(MID(C33,7,3)-MID(F33,7,3))/4,0)*5)) -> 20 | N33: =IF(L33=10,"架内走线","上走线") -> 上走线 | Q33: =IF(ABS(MID(C33,3,3)-MID(F33,3,3))<>0,"建议手动计算",IF(C33=F33,10,(10+ROUNDUP(ABS(MID(C33,7,3)-MID(F33,7,3))/4,0)*5))) -> 20
A34: 崇左城南二楼IDC机房 | B34: 34 | C34: =VLOOKUP(D34,'00设备表'!$D:$F,3,0) -> HW105-01 | D34: 政务外网区核心交换机-1 | E34: =VLOOKUP(D34,'00设备表'!$D:$F,2,0) -> 华为CE8865-4C | F34: =VLOOKUP(G34,'00设备表'!$D:$F,3,0) -> HW105-08 | G34: 政务外网区万兆业务交换机-2 | H34: =VLOOKUP(G34,'00设备表'!$D:$F,2,0) -> 华为CE6881H | I34: MPO双头尾纤 | J34: =IF(I34="多模双头尾纤","LC-LC"&" "&L34&"米",IF(I34="单模双头尾纤","SC-LC"&" "&L34&"米",IF(I34="MPO双头尾纤","MPO-MPO"&" "&L34&"米",IF(I34="以太网线","超五类线",0)))) -> MPO-MPO 20米 | K34: 1 | L34: =IF(C34=F34,10,(10+ROUNDUP(ABS(MID(C34,7,3)-MID(F34,7,3))/4,0)*5)) -> 20 | N34: =IF(L34=10,"架内走线","上走线") -> 上走线 | Q34: =IF(ABS(MID(C34,3,3)-MID(F34,3,3))<>0,"建议手动计算",IF(C34=F34,10,(10+ROUNDUP(ABS(MID(C34,7,3)-MID(F34,7,3))/4,0)*5))) -> 20
A35: 崇左城南二楼IDC机房 | B35: 35 | C35: =VLOOKUP(D35,'00设备表'!$D:$F,3,0) -> HW105-01 | D35: 政务外网区核心交换机-1 | E35: =VLOOKUP(D35,'00设备表'!$D:$F,2,0) -> 华为CE8865-4C | F35: =VLOOKUP(G35,'00设备表'!$D:$F,3,0) -> HW106-04 | G35: 政务外网区万兆存储交换机-1 | H35: =VLOOKUP(G35,'00设备表'!$D:$F,2,0) -> 华为CE6881H | I35: MPO双头尾纤 | J35: =IF(I35="多模双头尾纤","LC-LC"&" "&L35&"米",IF(I35="单模双头尾纤","SC-LC"&" "&L35&"米",IF(I35="MPO双头尾纤","MPO-MPO"&" "&L35&"米",IF(I35="以太网线","超五类线",0)))) -> MPO-MPO 15米 | K35: 1 | L35: =IF(C35=F35,10,(10+ROUNDUP(ABS(MID(C35,7,3)-MID(F35,7,3))/4,0)*5)) -> 15 | N35: =IF(L35=10,"架内走线","上走线") -> 上走线 | Q35: =IF(ABS(MID(C35,3,3)-MID(F35,3,3))<>0,"建议手动计算",IF(C35=F35,10,(10+ROUNDUP(ABS(MID(C35,7,3)-MID(F35,7,3))/4,0)*5))) -> 建议手动计算
A36: 崇左城南二楼IDC机房 | B36: 36 | C36: =VLOOKUP(D36,'00设备表'!$D:$F,3,0) -> HW105-01 | D36: 政务外网区核心交换机-1 | E36: =VLOOKUP(D36,'00设备表'!$D:$F,2,0) -> 华为CE8865-4C | F36: =VLOOKUP(G36,'00设备表'!$D:$F,3,0) -> HW106-06 | G36: 政务外网区万兆存储交换机-2 | H36: =VLOOKUP(G36,'00设备表'!$D:$F,2,0) -> 华为CE6881H | I36: MPO双头尾纤 | J36: =IF(I36="多模双头尾纤","LC-LC"&" "&L36&"米",IF(I36="单模双头尾纤","SC-LC"&" "&L36&"米",IF(I36="MPO双头尾纤","MPO-MPO"&" "&L36&"米",IF(I36="以太网线","超五类线",0)))) -> MPO-MPO 20米 | K36: 1 | L36: =IF(C36=F36,10,(10+ROUNDUP(ABS(MID(C36,7,3)-MID(F36,7,3))/4,0)*5)) -> 20 | N36: =IF(L36=10,"架内走线","上走线") -> 上走线 | Q36: =IF(ABS(MID(C36,3,3)-MID(F36,3,3))<>0,"建议手动计算",IF(C36=F36,10,(10+ROUNDUP(ABS(MID(C36,7,3)-MID(F36,7,3))/4,0)*5))) -> 建议手动计算
A37: 崇左城南二楼IDC机房 | B37: 37 | C37: =VLOOKUP(D37,'00设备表'!$D:$F,3,0) -> HW105-01 | D37: 政务外网区核心交换机-1 | E37: =VLOOKUP(D37,'00设备表'!$D:$F,2,0) -> 华为CE8865-4C | F37: =VLOOKUP(G37,'00设备表'!$D:$F,3,0) -> HW106-02 | G37: 政务外网区裸金属交换机-1 | H37: =VLOOKUP(G37,'00设备表'!$D:$F,2,0) -> 华为CE6881H | I37: MPO双头尾纤 | J37: =IF(I37="多模双头尾纤","LC-LC"&" "&L37&"米",IF(I37="单模双头尾纤","SC-LC"&" "&L37&"米",IF(I37="MPO双头尾纤","MPO-MPO"&" "&L37&"米",IF(I37="以太网线","超五类线",0)))) -> MPO-MPO 15米 | K37: 1 | L37: =IF(C37=F37,10,(10+ROUNDUP(ABS(MID(C37,7,3)-MID(F37,7,3))/4,0)*5)) -> 15 | N37: =IF(L37=10,"架内走线","上走线") -> 上走线 | Q37: =IF(ABS(MID(C37,3,3)-MID(F37,3,3))<>0,"建议手动计算",IF(C37=F37,10,(10+ROUNDUP(ABS(MID(C37,7,3)-MID(F37,7,3))/4,0)*5))) -> 建议手动计算
A38: 崇左城南二楼IDC机房 | B38: 38 | C38: =VLOOKUP(D38,'00设备表'!$D:$F,3,0) -> HW105-01 | D38: 政务外网区核心交换机-1 | E38: =VLOOKUP(D38,'00设备表'!$D:$F,2,0) -> 华为CE8865-4C | F38: =VLOOKUP(G38,'00设备表'!$D:$F,3,0) -> HW106-03 | G38: 政务外网区裸金属交换机-2 | H38: =VLOOKUP(G38,'00设备表'!$D:$F,2,0) -> 华为CE6881H | I38: MPO双头尾纤 | J38: =IF(I38="多模双头尾纤","LC-LC"&" "&L38&"米",IF(I38="单模双头尾纤","SC-LC"&" "&L38&"米",IF(I38="MPO双头尾纤","MPO-MPO"&" "&L38&"米",IF(I38="以太网线","超五类线",0)))) -> MPO-MPO 15米 | K38: 1 | L38: =IF(C38=F38,10,(10+ROUNDUP(ABS(MID(C38,7,3)-MID(F38,7,3))/4,0)*5)) -> 15 | N38: =IF(L38=10,"架内走线","上走线") -> 上走线 | P38: 黄茅坪灾备防火墙 | Q38: =IF(ABS(MID(C38,3,3)-MID(F38,3,3))<>0,"建议手动计算",IF(C38=F38,10,(10+ROUNDUP(ABS(MID(C38,7,3)-MID(F38,7,3))/4,0)*5))) -> 建议手动计算
A39: 崇左城南二楼IDC机房 | B39: 39 | C39: =VLOOKUP(D39,'00设备表'!$D:$F,3,0) -> HW105-01 | D39: 政务外网区核心交换机-1 | E39: =VLOOKUP(D39,'00设备表'!$D:$F,2,0) -> 华为CE8865-4C | F39: =VLOOKUP(G39,'00设备表'!$D:$F,3,0) -> HW105-01 | G39: 政务外网区安全交换机-1 | H39: =VLOOKUP(G39,'00设备表'!$D:$F,2,0) -> 华为CE6881H | I39: MPO双头尾纤 | J39: =IF(I39="多模双头尾纤","LC-LC"&" "&L39&"米",IF(I39="单模双头尾纤","SC-LC"&" "&L39&"米",IF(I39="MPO双头尾纤","MPO-MPO"&" "&L39&"米",IF(I39="以太网线","超五类线",0)))) -> MPO-MPO 10米 | K39: 1 | L39: =IF(C39=F39,10,(10+ROUNDUP(ABS(MID(C39,7,3)-MID(F39,7,3))/4,0)*5)) -> 10 | N39: =IF(L39=10,"架内走线","上走线") -> 架内走线 | Q39: =IF(ABS(MID(C39,3,3)-MID(F39,3,3))<>0,"建议手动计算",IF(C39=F39,10,(10+ROUNDUP(ABS(MID(C39,7,3)-MID(F39,7,3))/4,0)*5))) -> 10
A40: 崇左城南二楼IDC机房 | B40: 40 | C40: =VLOOKUP(D40,'00设备表'!$D:$F,3,0) -> HW105-01 | D40: 政务外网区核心交换机-1 | E40: =VLOOKUP(D40,'00设备表'!$D:$F,2,0) -> 华为CE8865-4C | F40: =VLOOKUP(G40,'00设备表'!$D:$F,3,0) -> HW105-02 | G40: 政务外网区安全交换机-2 | H40: =VLOOKUP(G40,'00设备表'!$D:$F,2,0) -> 华为CE6881H | I40: MPO双头尾纤 | J40: =IF(I40="多模双头尾纤","LC-LC"&" "&L40&"米",IF(I40="单模双头尾纤","SC-LC"&" "&L40&"米",IF(I40="MPO双头尾纤","MPO-MPO"&" "&L40&"米",IF(I40="以太网线","超五类线",0)))) -> MPO-MPO 15米 | K40: 1 | L40: =IF(C40=F40,10,(10+ROUNDUP(ABS(MID(C40,7,3)-MID(F40,7,3))/4,0)*5)) -> 15 | N40: =IF(L40=10,"架内走线","上走线") -> 上走线 | Q40: =IF(ABS(MID(C40,3,3)-MID(F40,3,3))<>0,"建议手动计算",IF(C40=F40,10,(10+ROUNDUP(ABS(MID(C40,7,3)-MID(F40,7,3))/4,0)*5))) -> 15
A41: 崇左城南二楼IDC机房 | B41: 41 | C41: =VLOOKUP(D41,'00设备表'!$D:$F,3,0) -> HW105-01 | D41: 政务外网区核心交换机-1 | E41: =VLOOKUP(D41,'00设备表'!$D:$F,2,0) -> 华为CE8865-4C | F41: =VLOOKUP(G41,'00设备表'!$D:$F,3,0) -> HW105-01 | G41: 政务外网区安全池交换机-1 | H41: =VLOOKUP(G41,'00设备表'!$D:$F,2,0) -> 华为CE6881H | I41: MPO双头尾纤 | J41: =IF(I41="多模双头尾纤","LC-LC"&" "&L41&"米",IF(I41="单模双头尾纤","SC-LC"&" "&L41&"米",IF(I41="MPO双头尾纤","MPO-MPO"&" "&L41&"米",IF(I41="以太网线","超五类线",0)))) -> MPO-MPO 10米 | K41: 1 | L41: =IF(C41=F41,10,(10+ROUNDUP(ABS(MID(C41,7,3)-MID(F41,7,3))/4,0)*5)) -> 10 | N41: =IF(L41=10,"架内走线","上走线") -> 架内走线 | Q41: =IF(ABS(MID(C41,3,3)-MID(F41,3,3))<>0,"建议手动计算",IF(C41=F41,10,(10+ROUNDUP(ABS(MID(C41,7,3)-MID(F41,7,3))/4,0)*5))) -> 10
A42: 崇左城南二楼IDC机房 | B42: 42 | C42: =VLOOKUP(D42,'00设备表'!$D:$F,3,0) -> HW105-01 | D42: 政务外网区核心交换机-1 | E42: =VLOOKUP(D42,'00设备表'!$D:$F,2,0) -> 华为CE8865-4C | F42: =VLOOKUP(G42,'00设备表'!$D:$F,3,0) -> HW105-02 | G42: 政务外网区安全池交换机-2 | H42: =VLOOKUP(G42,'00设备表'!$D:$F,2,0) -> 华为CE6881H | I42: MPO双头尾纤 | J42: =IF(I42="多模双头尾纤","LC-LC"&" "&L42&"米",IF(I42="单模双头尾纤","SC-LC"&" "&L42&"米",IF(I42="MPO双头尾纤","MPO-MPO"&" "&L42&"米",IF(I42="以太网线","超五类线",0)))) -> MPO-MPO 15米 | K42: 1 | L42: =IF(C42=F42,10,(10+ROUNDUP(ABS(MID(C42,7,3)-MID(F42,7,3))/4,0)*5)) -> 15 | N42: =IF(L42=10,"架内走线","上走线") -> 上走线 | Q42: =IF(ABS(MID(C42,3,3)-MID(F42,3,3))<>0,"建议手动计算",IF(C42=F42,10,(10+ROUNDUP(ABS(MID(C42,7,3)-MID(F42,7,3))/4,0)*5))) -> 15
A43: 崇左城南二楼IDC机房 | B43: 43 | C43: =VLOOKUP(D43,'00设备表'!$D:$F,3,0) -> HW105-01 | D43: 政务外网区核心交换机-1 | E43: =VLOOKUP(D43,'00设备表'!$D:$F,2,0) -> 华为CE8865-4C | F43: =VLOOKUP(G43,'00设备表'!$D:$F,3,0) -> HW105-04 | G43: 政务外网区专线交换机-1 | H43: =VLOOKUP(G43,'00设备表'!$D:$F,2,0) -> 华为CE6881H | I43: MPO双头尾纤 | J43: =IF(I43="多模双头尾纤","LC-LC"&" "&L43&"米",IF(I43="单模双头尾纤","SC-LC"&" "&L43&"米",IF(I43="MPO双头尾纤","MPO-MPO"&" "&L43&"米",IF(I43="以太网线","超五类线",0)))) -> MPO-MPO 15米 | K43: 1 | L43: =IF(C43=F43,10,(10+ROUNDUP(ABS(MID(C43,7,3)-MID(F43,7,3))/4,0)*5)) -> 15 | N43: =IF(L43=10,"架内走线","上走线") -> 上走线 | Q43: =IF(ABS(MID(C43,3,3)-MID(F43,3,3))<>0,"建议手动计算",IF(C43=F43,10,(10+ROUNDUP(ABS(MID(C43,7,3)-MID(F43,7,3))/4,0)*5))) -> 15
A44: 崇左城南二楼IDC机房 | B44: 44 | C44: =VLOOKUP(D44,'00设备表'!$D:$F,3,0) -> HW105-01 | D44: 政务外网区核心交换机-1 | E44: =VLOOKUP(D44,'00设备表'!$D:$F,2,0) -> 华为CE8865-4C | F44: =VLOOKUP(G44,'00设备表'!$D:$F,3,0) -> HW105-05 | G44: 政务外网区专线交换机-2 | H44: =VLOOKUP(G44,'00设备表'!$D:$F,2,0) -> 华为CE6881H | I44: MPO双头尾纤 | J44: =IF(I44="多模双头尾纤","LC-LC"&" "&L44&"米",IF(I44="单模双头尾纤","SC-LC"&" "&L44&"米",IF(I44="MPO双头尾纤","MPO-MPO"&" "&L44&"米",IF(I44="以太网线","超五类线",0)))) -> MPO-MPO 15米 | K44: 1 | L44: =IF(C44=F44,10,(10+ROUNDUP(ABS(MID(C44,7,3)-MID(F44,7,3))/4,0)*5)) -> 15 | N44: =IF(L44=10,"架内走线","上走线") -> 上走线 | Q44: =IF(ABS(MID(C44,3,3)-MID(F44,3,3))<>0,"建议手动计算",IF(C44=F44,10,(10+ROUNDUP(ABS(MID(C44,7,3)-MID(F44,7,3))/4,0)*5))) -> 15
A45: 崇左城南二楼IDC机房 | B45: 45 | C45: =VLOOKUP(D45,'00设备表'!$D:$F,3,0) -> HW105-01 | D45: 政务外网区核心交换机-1 | E45: =VLOOKUP(D45,'00设备表'!$D:$F,2,0) -> 华为CE8865-4C | F45: =VLOOKUP(G45,'00设备表'!$D:$F,3,0) -> HW108-07 | G45: 管理区防火墙-1 | H45: =VLOOKUP(G45,'00设备表'!$D:$F,2,0) -> 华为1000E-F125 | I45: 多模双头尾纤 | J45: =IF(I45="多模双头尾纤","LC-LC"&" "&L45&"米",IF(I45="单模双头尾纤","SC-LC"&" "&L45&"米",IF(I45="MPO双头尾纤","MPO-MPO"&" "&L45&"米",IF(I45="以太网线","超五类线",0)))) -> LC-LC 20米 | K45: 4 | L45: =IF(C45=F45,10,(10+ROUNDUP(ABS(MID(C45,7,3)-MID(F45,7,3))/4,0)*5)) -> 20 | N45: =IF(L45=10,"架内走线","上走线") -> 上走线 | Q45: =IF(ABS(MID(C45,3,3)-MID(F45,3,3))<>0,"建议手动计算",IF(C45=F45,10,(10+ROUNDUP(ABS(MID(C45,7,3)-MID(F45,7,3))/4,0)*5))) -> 建议手动计算
A46: 崇左城南二楼IDC机房 | B46: 46 | C46: =VLOOKUP(D46,'00设备表'!$D:$F,3,0) -> HW105-01 | D46: 政务外网区核心交换机-1 | E46: =VLOOKUP(D46,'00设备表'!$D:$F,2,0) -> 华为CE8865-4C | F46: =VLOOKUP(G46,'00设备表'!$D:$F,3,0) -> HW108-09 | G46: 管理区防火墙-2 | H46: =VLOOKUP(G46,'00设备表'!$D:$F,2,0) -> 华为1000E-F125 | I46: 多模双头尾纤 | J46: =IF(I46="多模双头尾纤","LC-LC"&" "&L46&"米",IF(I46="单模双头尾纤","SC-LC"&" "&L46&"米",IF(I46="MPO双头尾纤","MPO-MPO"&" "&L46&"米",IF(I46="以太网线","超五类线",0)))) -> LC-LC 20米 | K46: 4 | L46: =IF(C46=F46,10,(10+ROUNDUP(ABS(MID(C46,7,3)-MID(F46,7,3))/4,0)*5)) -> 20 | N46: =IF(L46=10,"架内走线","上走线") -> 上走线 | Q46: =IF(ABS(MID(C46,3,3)-MID(F46,3,3))<>0,"建议手动计算",IF(C46=F46,10,(10+ROUNDUP(ABS(MID(C46,7,3)-MID(F46,7,3))/4,0)*5))) -> 建议手动计算
A47: 崇左城南二楼IDC机房 | B47: 47 | C47: =VLOOKUP(D47,'00设备表'!$D:$F,3,0) -> HW105-01 | D47: 政务外网区核心交换机-1 | E47: =VLOOKUP(D47,'00设备表'!$D:$F,2,0) -> 华为CE8865-4C | F47: =VLOOKUP(G47,'00设备表'!$D:$F,3,0) -> HW105-01 | G47: 政务外网区流量探针-1 | H47: =VLOOKUP(G47,'00设备表'!$D:$F,2,0) -> 绿盟UTSNX3-HHB | I47: 多模双头尾纤 | J47: =IF(I47="多模双头尾纤","LC-LC"&" "&L47&"米",IF(I47="单模双头尾纤","SC-LC"&" "&L47&"米",IF(I47="MPO双头尾纤","MPO-MPO"&" "&L47&"米",IF(I47="以太网线","超五类线",0)))) -> LC-LC 10米 | K47: 2 | L47: =IF(C47=F47,10,(10+ROUNDUP(ABS(MID(C47,7,3)-MID(F47,7,3))/4,0)*5)) -> 10 | N47: =IF(L47=10,"架内走线","上走线") -> 架内走线 | Q47: =IF(ABS(MID(C47,3,3)-MID(F47,3,3))<>0,"建议手动计算",IF(C47=F47,10,(10+ROUNDUP(ABS(MID(C47,7,3)-MID(F47,7,3))/4,0)*5))) -> 10
A48: 崇左城南二楼IDC机房 | B48: 48 | C48: =VLOOKUP(D48,'00设备表'!$D:$F,3,0) -> HW105-01 | D48: 政务外网区核心交换机-1 | E48: =VLOOKUP(D48,'00设备表'!$D:$F,2,0) -> 华为CE8865-4C | F48: =VLOOKUP(G48,'00设备表'!$D:$F,3,0) -> HW105-02 | G48: 政务外网区流量探针-2 | H48: =VLOOKUP(G48,'00设备表'!$D:$F,2,0) -> 绿盟UTSNX3-HHB | I48: 多模双头尾纤 | J48: =IF(I48="多模双头尾纤","LC-LC"&" "&L48&"米",IF(I48="单模双头尾纤","SC-LC"&" "&L48&"米",IF(I48="MPO双头尾纤","MPO-MPO"&" "&L48&"米",IF(I48="以太网线","超五类线",0)))) -> LC-LC 15米 | K48: 2 | L48: =IF(C48=F48,10,(10+ROUNDUP(ABS(MID(C48,7,3)-MID(F48,7,3))/4,0)*5)) -> 15 | N48: =IF(L48=10,"架内走线","上走线") -> 上走线 | Q48: =IF(ABS(MID(C48,3,3)-MID(F48,3,3))<>0,"建议手动计算",IF(C48=F48,10,(10+ROUNDUP(ABS(MID(C48,7,3)-MID(F48,7,3))/4,0)*5))) -> 15
A49: 崇左城南二楼IDC机房 | B49: 49 | C49: =VLOOKUP(D49,'00设备表'!$D:$F,3,0) -> HW105-01 | D49: 政务外网区核心交换机-1 | E49: =VLOOKUP(D49,'00设备表'!$D:$F,2,0) -> 华为CE8865-4C | F49: =VLOOKUP(G49,'00设备表'!$D:$F,3,0) -> HW108-07 | G49: 网闸-1 | H49: =VLOOKUP(G49,'00设备表'!$D:$F,2,0) -> 天融信TopRules(FT-A10) | I49: 多模双头尾纤 | J49: =IF(I49="多模双头尾纤","LC-LC"&" "&L49&"米",IF(I49="单模双头尾纤","SC-LC"&" "&L49&"米",IF(I49="MPO双头尾纤","MPO-MPO"&" "&L49&"米",IF(I49="以太网线","超五类线",0)))) -> LC-LC 20米 | K49: 2 | L49: =IF(C49=F49,10,(10+ROUNDUP(ABS(MID(C49,7,3)-MID(F49,7,3))/4,0)*5)) -> 20 | N49: =IF(L49=10,"架内走线","上走线") -> 上走线 | Q49: =IF(ABS(MID(C49,3,3)-MID(F49,3,3))<>0,"建议手动计算",IF(C49=F49,10,(10+ROUNDUP(ABS(MID(C49,7,3)-MID(F49,7,3))/4,0)*5))) -> 建议手动计算
A50: 崇左城南二楼IDC机房 | B50: 50 | C50: =VLOOKUP(D50,'00设备表'!$D:$F,3,0) -> HW105-02 | D50: 政务外网区核心交换机-2 | E50: =VLOOKUP(D50,'00设备表'!$D:$F,2,0) -> 华为CE8865-4C | F50: =VLOOKUP(G50,'00设备表'!$D:$F,3,0) -> HW105-06 | G50: 政务外网区万兆业务交换机-1 | H50: =VLOOKUP(G50,'00设备表'!$D:$F,2,0) -> 华为CE6881H | I50: MPO双头尾纤 | J50: =IF(I50="多模双头尾纤","LC-LC"&" "&L50&"米",IF(I50="单模双头尾纤","SC-LC"&" "&L50&"米",IF(I50="MPO双头尾纤","MPO-MPO"&" "&L50&"米",IF(I50="以太网线","超五类线",0)))) -> MPO-MPO 15米 | K50: 1 | L50: =IF(C50=F50,10,(10+ROUNDUP(ABS(MID(C50,7,3)-MID(F50,7,3))/4,0)*5)) -> 15 | N50: =IF(L50=10,"架内走线","上走线") -> 上走线 | Q50: =IF(ABS(MID(C50,3,3)-MID(F50,3,3))<>0,"建议手动计算",IF(C50=F50,10,(10+ROUNDUP(ABS(MID(C50,7,3)-MID(F50,7,3))/4,0)*5))) -> 15
... A62: 崇左城南二楼IDC机房 | B62: 62 | C62: =VLOOKUP(D62,'00设备表'!$D:$F,3,0) -> HW105-02 | D62: 政务外网区核心交换机-2 | E62: =VLOOKUP(D62,'00设备表'!$D:$F,2,0) -> 华为CE8865-4C | F62: =VLOOKUP(G62,'00设备表'!$D:$F,3,0) -> HW108-07 | G62: 管理区防火墙-1 | H62: =VLOOKUP(G62,'00设备表'!$D:$F,2,0) -> 华为1000E-F125 | I62: 多模双头尾纤 | J62: =IF(I62="多模双头尾纤","LC-LC"&" "&L62&"米",IF(I62="单模双头尾纤","SC-LC"&" "&L62&"米",IF(I62="MPO双头尾纤","MPO-MPO"&" "&L62&"米",IF(I62="以太网线","超五类线",0)))) -> LC-LC 20米 | K62: 4 | L62: =IF(C62=F62,10,(10+ROUNDUP(ABS(MID(C62,7,3)-MID(F62,7,3))/4,0)*5)) -> 20 | N62: =IF(L62=10,"架内走线","上走线") -> 上走线 | Q62: =IF(ABS(MID(C62,3,3)-MID(F62,3,3))<>0,"建议手动计算",IF(C62=F62,10,(10+ROUNDUP(ABS(MID(C62,7,3)-MID(F62,7,3))/4,0)*5))) -> 建议手动计算
A63: 崇左城南二楼IDC机房 | B63: 63 | C63: =VLOOKUP(D63,'00设备表'!$D:$F,3,0) -> HW105-02 | D63: 政务外网区核心交换机-2 | E63: =VLOOKUP(D63,'00设备表'!$D:$F,2,0) -> 华为CE8865-4C | F63: =VLOOKUP(G63,'00设备表'!$D:$F,3,0) -> HW108-09 | G63: 管理区防火墙-2 | H63: =VLOOKUP(G63,'00设备表'!$D:$F,2,0) -> 华为1000E-F125 | I63: 多模双头尾纤 | J63: =IF(I63="多模双头尾纤","LC-LC"&" "&L63&"米",IF(I63="单模双头尾纤","SC-LC"&" "&L63&"米",IF(I63="MPO双头尾纤","MPO-MPO"&" "&L63&"米",IF(I63="以太网线","超五类线",0)))) -> LC-LC 20米 | K63: 4 | L63: =IF(C63=F63,10,(10+ROUNDUP(ABS(MID(C63,7,3)-MID(F63,7,3))/4,0)*5)) -> 20 | N63: =IF(L63=10,"架内走线","上走线") -> 上走线 | P63: 黄茅坪灾备防火墙 | Q63: =IF(ABS(MID(C63,3,3)-MID(F63,3,3))<>0,"建议手动计算",IF(C63=F63,10,(10+ROUNDUP(ABS(MID(C63,7,3)-MID(F63,7,3))/4,0)*5))) -> 建议手动计算
A64: 崇左城南二楼IDC机房 | B64: 64 | C64: =VLOOKUP(D64,'00设备表'!$D:$F,3,0) -> HW105-02 | D64: 政务外网区核心交换机-2 | E64: =VLOOKUP(D64,'00设备表'!$D:$F,2,0) -> 华为CE8865-4C | F64: =VLOOKUP(G64,'00设备表'!$D:$F,3,0) -> HW105-01 | G64: 政务外网区流量探针-1 | H64: =VLOOKUP(G64,'00设备表'!$D:$F,2,0) -> 绿盟UTSNX3-HHB | I64: 多模双头尾纤 | J64: =IF(I64="多模双头尾纤","LC-LC"&" "&L64&"米",IF(I64="单模双头尾纤","SC-LC"&" "&L64&"米",IF(I64="MPO双头尾纤","MPO-MPO"&" "&L64&"米",IF(I64="以太网线","超五类线",0)))) -> LC-LC 15米 | K64: 2 | L64: =IF(C64=F64,10,(10+ROUNDUP(ABS(MID(C64,7,3)-MID(F64,7,3))/4,0)*5)) -> 15 | N64: =IF(L64=10,"架内走线","上走线") -> 上走线 | Q64: =IF(ABS(MID(C64,3,3)-MID(F64,3,3))<>0,"建议手动计算",IF(C64=F64,10,(10+ROUNDUP(ABS(MID(C64,7,3)-MID(F64,7,3))/4,0)*5))) -> 15
A65: 崇左城南二楼IDC机房 | B65: 65 | C65: =VLOOKUP(D65,'00设备表'!$D:$F,3,0) -> HW105-02 | D65: 政务外网区核心交换机-2 | E65: =VLOOKUP(D65,'00设备表'!$D:$F,2,0) -> 华为CE8865-4C | F65: =VLOOKUP(G65,'00设备表'!$D:$F,3,0) -> HW105-02 | G65: 政务外网区流量探针-2 | H65: =VLOOKUP(G65,'00设备表'!$D:$F,2,0) -> 绿盟UTSNX3-HHB | I65: 多模双头尾纤 | J65: =IF(I65="多模双头尾纤","LC-LC"&" "&L65&"米",IF(I65="单模双头尾纤","SC-LC"&" "&L65&"米",IF(I65="MPO双头尾纤","MPO-MPO"&" "&L65&"米",IF(I65="以太网线","超五类线",0)))) -> LC-LC 10米 | K65: 2 | L65: =IF(C65=F65,10,(10+ROUNDUP(ABS(MID(C65,7,3)-MID(F65,7,3))/4,0)*5)) -> 10 | N65: =IF(L65=10,"架内走线","上走线") -> 架内走线 | Q65: =IF(ABS(MID(C65,3,3)-MID(F65,3,3))<>0,"建议手动计算",IF(C65=F65,10,(10+ROUNDUP(ABS(MID(C65,7,3)-MID(F65,7,3))/4,0)*5))) -> 10
A66: 崇左城南二楼IDC机房 | B66: 66 | C66: =VLOOKUP(D66,'00设备表'!$D:$F,3,0) -> HW105-02 | D66: 政务外网区核心交换机-2 | E66: =VLOOKUP(D66,'00设备表'!$D:$F,2,0) -> 华为CE8865-4C | F66: =VLOOKUP(G66,'00设备表'!$D:$F,3,0) -> HW108-09 | G66: 网闸-2 | H66: =VLOOKUP(G66,'00设备表'!$D:$F,2,0) -> 天融信TopRules(FT-A10) | I66: 多模双头尾纤 | J66: =IF(I66="多模双头尾纤","LC-LC"&" "&L66&"米",IF(I66="单模双头尾纤","SC-LC"&" "&L66&"米",IF(I66="MPO双头尾纤","MPO-MPO"&" "&L66&"米",IF(I66="以太网线","超五类线",0)))) -> LC-LC 20米 | K66: 2 | L66: =IF(C66=F66,10,(10+ROUNDUP(ABS(MID(C66,7,3)-MID(F66,7,3))/4,0)*5)) -> 20 | N66: =IF(L66=10,"架内走线","上走线") -> 上走线 | Q66: =IF(ABS(MID(C66,3,3)-MID(F66,3,3))<>0,"建议手动计算",IF(C66=F66,10,(10+ROUNDUP(ABS(MID(C66,7,3)-MID(F66,7,3))/4,0)*5))) -> 建议手动计算
A67: 崇左城南二楼IDC机房 | B67: 67 | C67: =VLOOKUP(D67,'00设备表'!$D:$F,3,0) -> HW107-02 | D67: 互联网区核心交换机-1 | E67: =VLOOKUP(D67,'00设备表'!$D:$F,2,0) -> 华为CE8865-4C | F67: =VLOOKUP(G67,'00设备表'!$D:$F,3,0) -> HW107-03 | G67: 互联网区核心交换机-2 | H67: =VLOOKUP(G67,'00设备表'!$D:$F,2,0) -> 华为CE8865-4C | I67: 多模双头尾纤 | J67: =IF(I67="多模双头尾纤","LC-LC"&" "&L67&"米",IF(I67="单模双头尾纤","SC-LC"&" "&L67&"米",IF(I67="MPO双头尾纤","MPO-MPO"&" "&L67&"米",IF(I67="以太网线","超五类线",0)))) -> LC-LC 15米 | K67: 4 | L67: =IF(C67=F67,10,(10+ROUNDUP(ABS(MID(C67,7,3)-MID(F67,7,3))/4,0)*5)) -> 15 | N67: =IF(L67=10,"架内走线","上走线") -> 上走线 | Q67: =IF(ABS(MID(C67,3,3)-MID(F67,3,3))<>0,"建议手动计算",IF(C67=F67,10,(10+ROUNDUP(ABS(MID(C67,7,3)-MID(F67,7,3))/4,0)*5))) -> 15
A68: 崇左城南二楼IDC机房 | B68: 68 | C68: =VLOOKUP(D68,'00设备表'!$D:$F,3,0) -> HW107-02 | D68: 互联网区核心交换机-1 | E68: =VLOOKUP(D68,'00设备表'!$D:$F,2,0) -> 华为CE8865-4C | F68: =VLOOKUP(G68,'00设备表'!$D:$F,3,0) -> HW107-03 | G68: 互联网区核心交换机-2 | H68: =VLOOKUP(G68,'00设备表'!$D:$F,2,0) -> 华为CE8865-4C | I68: MPO双头尾纤 | J68: =IF(I68="多模双头尾纤","LC-LC"&" "&L68&"米",IF(I68="单模双头尾纤","SC-LC"&" "&L68&"米",IF(I68="MPO双头尾纤","MPO-MPO"&" "&L68&"米",IF(I68="以太网线","超五类线",0)))) -> MPO-MPO 15米 | K68: 2 | L68: =IF(C68=F68,10,(10+ROUNDUP(ABS(MID(C68,7,3)-MID(F68,7,3))/4,0)*5)) -> 15 | N68: =IF(L68=10,"架内走线","上走线") -> 上走线 | Q68: =IF(ABS(MID(C68,3,3)-MID(F68,3,3))<>0,"建议手动计算",IF(C68=F68,10,(10+ROUNDUP(ABS(MID(C68,7,3)-MID(F68,7,3))/4,0)*5))) -> 15
A69: 崇左城南二楼IDC机房 | B69: 69 | C69: =VLOOKUP(D69,'00设备表'!$D:$F,3,0) -> HW107-02 | D69: 互联网区核心交换机-1 | E69: =VLOOKUP(D69,'00设备表'!$D:$F,2,0) -> 华为CE8865-4C | F69: =VLOOKUP(G69,'00设备表'!$D:$F,3,0) -> HW107-07 | G69: 互联网区万兆业务交换机-1 | H69: =VLOOKUP(G69,'00设备表'!$D:$F,2,0) -> 华为CE6881H | I69: MPO双头尾纤 | J69: =IF(I69="多模双头尾纤","LC-LC"&" "&L69&"米",IF(I69="单模双头尾纤","SC-LC"&" "&L69&"米",IF(I69="MPO双头尾纤","MPO-MPO"&" "&L69&"米",IF(I69="以太网线","超五类线",0)))) -> MPO-MPO 20米 | K69: 1 | L69: =IF(C69=F69,10,(10+ROUNDUP(ABS(MID(C69,7,3)-MID(F69,7,3))/4,0)*5)) -> 20 | N69: =IF(L69=10,"架内走线","上走线") -> 上走线 | Q69: =IF(ABS(MID(C69,3,3)-MID(F69,3,3))<>0,"建议手动计算",IF(C69=F69,10,(10+ROUNDUP(ABS(MID(C69,7,3)-MID(F69,7,3))/4,0)*5))) -> 20
A70: 崇左城南二楼IDC机房 | B70: 70 | C70: =VLOOKUP(D70,'00设备表'!$D:$F,3,0) -> HW107-02 | D70: 互联网区核心交换机-1 | E70: =VLOOKUP(D70,'00设备表'!$D:$F,2,0) -> 华为CE8865-4C | F70: =VLOOKUP(G70,'00设备表'!$D:$F,3,0) -> HW107-08 | G70: 互联网区万兆业务交换机-2 | H70: =VLOOKUP(G70,'00设备表'!$D:$F,2,0) -> 华为CE6881H | I70: MPO双头尾纤 | J70: =IF(I70="多模双头尾纤","LC-LC"&" "&L70&"米",IF(I70="单模双头尾纤","SC-LC"&" "&L70&"米",IF(I70="MPO双头尾纤","MPO-MPO"&" "&L70&"米",IF(I70="以太网线","超五类线",0)))) -> MPO-MPO 20米 | K70: 1 | L70: =IF(C70=F70,10,(10+ROUNDUP(ABS(MID(C70,7,3)-MID(F70,7,3))/4,0)*5)) -> 20 | N70: =IF(L70=10,"架内走线","上走线") -> 上走线 | Q70: =IF(ABS(MID(C70,3,3)-MID(F70,3,3))<>0,"建议手动计算",IF(C70=F70,10,(10+ROUNDUP(ABS(MID(C70,7,3)-MID(F70,7,3))/4,0)*5))) -> 20
A71: 崇左城南二楼IDC机房 | B71: 71 | C71: =VLOOKUP(D71,'00设备表'!$D:$F,3,0) -> HW107-02 | D71: 互联网区核心交换机-1 | E71: =VLOOKUP(D71,'00设备表'!$D:$F,2,0) -> 华为CE8865-4C | F71: =VLOOKUP(G71,'00设备表'!$D:$F,3,0) -> HW108-01 | G71: 互联网区万兆存储交换机-1 | H71: =VLOOKUP(G71,'00设备表'!$D:$F,2,0) -> 华为CE6881H | I71: MPO双头尾纤 | J71: =IF(I71="多模双头尾纤","LC-LC"&" "&L71&"米",IF(I71="单模双头尾纤","SC-LC"&" "&L71&"米",IF(I71="MPO双头尾纤","MPO-MPO"&" "&L71&"米",IF(I71="以太网线","超五类线",0)))) -> MPO-MPO 15米 | K71: 1 | L71: =IF(C71=F71,10,(10+ROUNDUP(ABS(MID(C71,7,3)-MID(F71,7,3))/4,0)*5)) -> 15 | N71: =IF(L71=10,"架内走线","上走线") -> 上走线 | Q71: =IF(ABS(MID(C71,3,3)-MID(F71,3,3))<>0,"建议手动计算",IF(C71=F71,10,(10+ROUNDUP(ABS(MID(C71,7,3)-MID(F71,7,3))/4,0)*5))) -> 建议手动计算
A72: 崇左城南二楼IDC机房 | B72: 72 | C72: =VLOOKUP(D72,'00设备表'!$D:$F,3,0) -> HW107-02 | D72: 互联网区核心交换机-1 | E72: =VLOOKUP(D72,'00设备表'!$D:$F,2,0) -> 华为CE8865-4C | F72: =VLOOKUP(G72,'00设备表'!$D:$F,3,0) -> HW108-03 | G72: 互联网区万兆存储交换机-2 | H72: =VLOOKUP(G72,'00设备表'!$D:$F,2,0) -> 华为CE6881H | I72: MPO双头尾纤 | J72: =IF(I72="多模双头尾纤","LC-LC"&" "&L72&"米",IF(I72="单模双头尾纤","SC-LC"&" "&L72&"米",IF(I72="MPO双头尾纤","MPO-MPO"&" "&L72&"米",IF(I72="以太网线","超五类线",0)))) -> MPO-MPO 15米 | K72: 1 | L72: =IF(C72=F72,10,(10+ROUNDUP(ABS(MID(C72,7,3)-MID(F72,7,3))/4,0)*5)) -> 15 | N72: =IF(L72=10,"架内走线","上走线") -> 上走线 | Q72: =IF(ABS(MID(C72,3,3)-MID(F72,3,3))<>0,"建议手动计算",IF(C72=F72,10,(10+ROUNDUP(ABS(MID(C72,7,3)-MID(F72,7,3))/4,0)*5))) -> 建议手动计算
A73: 崇左城南二楼IDC机房 | B73: 73 | C73: =VLOOKUP(D73,'00设备表'!$D:$F,3,0) -> HW107-02 | D73: 互联网区核心交换机-1 | E73: =VLOOKUP(D73,'00设备表'!$D:$F,2,0) -> 华为CE8865-4C | F73: =VLOOKUP(G73,'00设备表'!$D:$F,3,0) -> HW108-01 | G73: 互联网区万兆对象存储交换机-1 | H73: =VLOOKUP(G73,'00设备表'!$D:$F,2,0) -> 华为CE6881H | I73: MPO双头尾纤 | J73: =IF(I73="多模双头尾纤","LC-LC"&" "&L73&"米",IF(I73="单模双头尾纤","SC-LC"&" "&L73&"米",IF(I73="MPO双头尾纤","MPO-MPO"&" "&L73&"米",IF(I73="以太网线","超五类线",0)))) -> MPO-MPO 15米 | K73: 1 | L73: =IF(C73=F73,10,(10+ROUNDUP(ABS(MID(C73,7,3)-MID(F73,7,3))/4,0)*5)) -> 15 | N73: =IF(L73=10,"架内走线","上走线") -> 上走线 | Q73: =IF(ABS(MID(C73,3,3)-MID(F73,3,3))<>0,"建议手动计算",IF(C73=F73,10,(10+ROUNDUP(ABS(MID(C73,7,3)-MID(F73,7,3))/4,0)*5))) -> 建议手动计算
A74: 崇左城南二楼IDC机房 | B74: 74 | C74: =VLOOKUP(D74,'00设备表'!$D:$F,3,0) -> HW107-02 | D74: 互联网区核心交换机-1 | E74: =VLOOKUP(D74,'00设备表'!$D:$F,2,0) -> 华为CE8865-4C | F74: =VLOOKUP(G74,'00设备表'!$D:$F,3,0) -> HW108-03 | G74: 互联网区万兆对象存储交换机-2 | H74: =VLOOKUP(G74,'00设备表'!$D:$F,2,0) -> 华为CE6881H | I74: MPO双头尾纤 | J74: =IF(I74="多模双头尾纤","LC-LC"&" "&L74&"米",IF(I74="单模双头尾纤","SC-LC"&" "&L74&"米",IF(I74="MPO双头尾纤","MPO-MPO"&" "&L74&"米",IF(I74="以太网线","超五类线",0)))) -> MPO-MPO 15米 | K74: 1 | L74: =IF(C74=F74,10,(10+ROUNDUP(ABS(MID(C74,7,3)-MID(F74,7,3))/4,0)*5)) -> 15 | N74: =IF(L74=10,"架内走线","上走线") -> 上走线 | Q74: =IF(ABS(MID(C74,3,3)-MID(F74,3,3))<>0,"建议手动计算",IF(C74=F74,10,(10+ROUNDUP(ABS(MID(C74,7,3)-MID(F74,7,3))/4,0)*5))) -> 建议手动计算
A75: 崇左城南二楼IDC机房 | B75: 75 | C75: =VLOOKUP(D75,'00设备表'!$D:$F,3,0) -> HW107-02 | D75: 互联网区核心交换机-1 | E75: =VLOOKUP(D75,'00设备表'!$D:$F,2,0) -> 华为CE8865-4C | F75: =VLOOKUP(G75,'00设备表'!$D:$F,3,0) -> HW108-01 | G75: 互联网区安全交换机-1 | H75: =VLOOKUP(G75,'00设备表'!$D:$F,2,0) -> 华为CE6881H | I75: MPO双头尾纤 | J75: =IF(I75="多模双头尾纤","LC-LC"&" "&L75&"米",IF(I75="单模双头尾纤","SC-LC"&" "&L75&"米",IF(I75="MPO双头尾纤","MPO-MPO"&" "&L75&"米",IF(I75="以太网线","超五类线",0)))) -> MPO-MPO 15米 | K75: 1 | L75: =IF(C75=F75,10,(10+ROUNDUP(ABS(MID(C75,7,3)-MID(F75,7,3))/4,0)*5)) -> 15 | N75: =IF(L75=10,"架内走线","上走线") -> 上走线 | Q75: =IF(ABS(MID(C75,3,3)-MID(F75,3,3))<>0,"建议手动计算",IF(C75=F75,10,(10+ROUNDUP(ABS(MID(C75,7,3)-MID(F75,7,3))/4,0)*5))) -> 建议手动计算
... A85: 崇左城南二楼IDC机房 | B85: 84 | C85: =VLOOKUP(D85,'00设备表'!$D:$F,3,0) -> HW107-02 | D85: 互联网区核心交换机-1 | E85: =VLOOKUP(D85,'00设备表'!$D:$F,2,0) -> 华为CE8865-4C | F85: =VLOOKUP(G85,'00设备表'!$D:$F,3,0) -> HW108-07 | G85: 互联网区流量探针-1 | H85: =VLOOKUP(G85,'00设备表'!$D:$F,2,0) -> 天融信TopAPT3000 | I85: 多模双头尾纤 | J85: =IF(I85="多模双头尾纤","LC-LC"&" "&L85&"米",IF(I85="单模双头尾纤","SC-LC"&" "&L85&"米",IF(I85="MPO双头尾纤","MPO-MPO"&" "&L85&"米",IF(I85="以太网线","超五类线",0)))) -> LC-LC 20米 | K85: 2 | L85: =IF(C85=F85,10,(10+ROUNDUP(ABS(MID(C85,7,3)-MID(F85,7,3))/4,0)*5)) -> 20 | N85: =IF(L85=10,"架内走线","上走线") -> 上走线 | Q85: =IF(ABS(MID(C85,3,3)-MID(F85,3,3))<>0,"建议手动计算",IF(C85=F85,10,(10+ROUNDUP(ABS(MID(C85,7,3)-MID(F85,7,3))/4,0)*5))) -> 建议手动计算
A86: 崇左城南二楼IDC机房 | B86: 85 | C86: =VLOOKUP(D86,'00设备表'!$D:$F,3,0) -> HW107-02 | D86: 互联网区核心交换机-1 | E86: =VLOOKUP(D86,'00设备表'!$D:$F,2,0) -> 华为CE8865-4C | F86: =VLOOKUP(G86,'00设备表'!$D:$F,3,0) -> HW108-09 | G86: 互联网区流量探针-2 | H86: =VLOOKUP(G86,'00设备表'!$D:$F,2,0) -> 天融信TopAPT3000 | I86: 多模双头尾纤 | J86: =IF(I86="多模双头尾纤","LC-LC"&" "&L86&"米",IF(I86="单模双头尾纤","SC-LC"&" "&L86&"米",IF(I86="MPO双头尾纤","MPO-MPO"&" "&L86&"米",IF(I86="以太网线","超五类线",0)))) -> LC-LC 20米 | K86: 2 | L86: =IF(C86=F86,10,(10+ROUNDUP(ABS(MID(C86,7,3)-MID(F86,7,3))/4,0)*5)) -> 20 | N86: =IF(L86=10,"架内走线","上走线") -> 上走线 | P86: 黄茅坪灾备防火墙 | Q86: =IF(ABS(MID(C86,3,3)-MID(F86,3,3))<>0,"建议手动计算",IF(C86=F86,10,(10+ROUNDUP(ABS(MID(C86,7,3)-MID(F86,7,3))/4,0)*5))) -> 建议手动计算
A87: 崇左城南二楼IDC机房 | B87: 86 | C87: =VLOOKUP(D87,'00设备表'!$D:$F,3,0) -> HW107-02 | D87: 互联网区核心交换机-1 | E87: =VLOOKUP(D87,'00设备表'!$D:$F,2,0) -> 华为CE8865-4C | F87: =VLOOKUP(G87,'00设备表'!$D:$F,3,0) -> HW108-07 | G87: 网闸-1 | H87: =VLOOKUP(G87,'00设备表'!$D:$F,2,0) -> 天融信TopRules(FT-A10) | I87: 多模双头尾纤 | J87: =IF(I87="多模双头尾纤","LC-LC"&" "&L87&"米",IF(I87="单模双头尾纤","SC-LC"&" "&L87&"米",IF(I87="MPO双头尾纤","MPO-MPO"&" "&L87&"米",IF(I87="以太网线","超五类线",0)))) -> LC-LC 20米 | K87: 2 | L87: =IF(C87=F87,10,(10+ROUNDUP(ABS(MID(C87,7,3)-MID(F87,7,3))/4,0)*5)) -> 20 | N87: =IF(L87=10,"架内走线","上走线") -> 上走线 | Q87: =IF(ABS(MID(C87,3,3)-MID(F87,3,3))<>0,"建议手动计算",IF(C87=F87,10,(10+ROUNDUP(ABS(MID(C87,7,3)-MID(F87,7,3))/4,0)*5))) -> 建议手动计算
A88: 崇左城南二楼IDC机房 | B88: 87 | C88: =VLOOKUP(D88,'00设备表'!$D:$F,3,0) -> HW107-03 | D88: 互联网区核心交换机-2 | E88: =VLOOKUP(D88,'00设备表'!$D:$F,2,0) -> 华为CE8865-4C | F88: =VLOOKUP(G88,'00设备表'!$D:$F,3,0) -> HW107-07 | G88: 互联网区万兆业务交换机-1 | H88: =VLOOKUP(G88,'00设备表'!$D:$F,2,0) -> 华为CE6881H | I88: MPO双头尾纤 | J88: =IF(I88="多模双头尾纤","LC-LC"&" "&L88&"米",IF(I88="单模双头尾纤","SC-LC"&" "&L88&"米",IF(I88="MPO双头尾纤","MPO-MPO"&" "&L88&"米",IF(I88="以太网线","超五类线",0)))) -> MPO-MPO 15米 | K88: 1 | L88: =IF(C88=F88,10,(10+ROUNDUP(ABS(MID(C88,7,3)-MID(F88,7,3))/4,0)*5)) -> 15 | N88: =IF(L88=10,"架内走线","上走线") -> 上走线 | Q88: =IF(ABS(MID(C88,3,3)-MID(F88,3,3))<>0,"建议手动计算",IF(C88=F88,10,(10+ROUNDUP(ABS(MID(C88,7,3)-MID(F88,7,3))/4,0)*5))) -> 15
A89: 崇左城南二楼IDC机房 | B89: 88 | C89: =VLOOKUP(D89,'00设备表'!$D:$F,3,0) -> HW107-03 | D89: 互联网区核心交换机-2 | E89: =VLOOKUP(D89,'00设备表'!$D:$F,2,0) -> 华为CE8865-4C | F89: =VLOOKUP(G89,'00设备表'!$D:$F,3,0) -> HW107-08 | G89: 互联网区万兆业务交换机-2 | H89: =VLOOKUP(G89,'00设备表'!$D:$F,2,0) -> 华为CE6881H | I89: MPO双头尾纤 | J89: =IF(I89="多模双头尾纤","LC-LC"&" "&L89&"米",IF(I89="单模双头尾纤","SC-LC"&" "&L89&"米",IF(I89="MPO双头尾纤","MPO-MPO"&" "&L89&"米",IF(I89="以太网线","超五类线",0)))) -> MPO-MPO 20米 | K89: 1 | L89: =IF(C89=F89,10,(10+ROUNDUP(ABS(MID(C89,7,3)-MID(F89,7,3))/4,0)*5)) -> 20 | N89: =IF(L89=10,"架内走线","上走线") -> 上走线 | Q89: =IF(ABS(MID(C89,3,3)-MID(F89,3,3))<>0,"建议手动计算",IF(C89=F89,10,(10+ROUNDUP(ABS(MID(C89,7,3)-MID(F89,7,3))/4,0)*5))) -> 20
A90: 崇左城南二楼IDC机房 | B90: 89 | C90: =VLOOKUP(D90,'00设备表'!$D:$F,3,0) -> HW107-03 | D90: 互联网区核心交换机-2 | E90: =VLOOKUP(D90,'00设备表'!$D:$F,2,0) -> 华为CE8865-4C | F90: =VLOOKUP(G90,'00设备表'!$D:$F,3,0) -> HW108-01 | G90: 互联网区万兆存储交换机-1 | H90: =VLOOKUP(G90,'00设备表'!$D:$F,2,0) -> 华为CE6881H | I90: MPO双头尾纤 | J90: =IF(I90="多模双头尾纤","LC-LC"&" "&L90&"米",IF(I90="单模双头尾纤","SC-LC"&" "&L90&"米",IF(I90="MPO双头尾纤","MPO-MPO"&" "&L90&"米",IF(I90="以太网线","超五类线",0)))) -> MPO-MPO 15米 | K90: 1 | L90: =IF(C90=F90,10,(10+ROUNDUP(ABS(MID(C90,7,3)-MID(F90,7,3))/4,0)*5)) -> 15 | N90: =IF(L90=10,"架内走线","上走线") -> 上走线 | Q90: =IF(ABS(MID(C90,3,3)-MID(F90,3,3))<>0,"建议手动计算",IF(C90=F90,10,(10+ROUNDUP(ABS(MID(C90,7,3)-MID(F90,7,3))/4,0)*5))) -> 建议手动计算
A91: 崇左城南二楼IDC机房 | B91: 90 | C91: =VLOOKUP(D91,'00设备表'!$D:$F,3,0) -> HW107-03 | D91: 互联网区核心交换机-2 | E91: =VLOOKUP(D91,'00设备表'!$D:$F,2,0) -> 华为CE8865-4C | F91: =VLOOKUP(G91,'00设备表'!$D:$F,3,0) -> HW108-03 | G91: 互联网区万兆存储交换机-2 | H91: =VLOOKUP(G91,'00设备表'!$D:$F,2,0) -> 华为CE6881H | I91: MPO双头尾纤 | J91: =IF(I91="多模双头尾纤","LC-LC"&" "&L91&"米",IF(I91="单模双头尾纤","SC-LC"&" "&L91&"米",IF(I91="MPO双头尾纤","MPO-MPO"&" "&L91&"米",IF(I91="以太网线","超五类线",0)))) -> MPO-MPO 10米 | K91: 1 | L91: =IF(C91=F91,10,(10+ROUNDUP(ABS(MID(C91,7,3)-MID(F91,7,3))/4,0)*5)) -> 10 | N91: =IF(L91=10,"架内走线","上走线") -> 架内走线 | Q91: =IF(ABS(MID(C91,3,3)-MID(F91,3,3))<>0,"建议手动计算",IF(C91=F91,10,(10+ROUNDUP(ABS(MID(C91,7,3)-MID(F91,7,3))/4,0)*5))) -> 建议手动计算
A92: 崇左城南二楼IDC机房 | B92: 91 | C92: =VLOOKUP(D92,'00设备表'!$D:$F,3,0) -> HW107-03 | D92: 互联网区核心交换机-2 | E92: =VLOOKUP(D92,'00设备表'!$D:$F,2,0) -> 华为CE8865-4C | F92: =VLOOKUP(G92,'00设备表'!$D:$F,3,0) -> HW108-01 | G92: 互联网区万兆对象存储交换机-1 | H92: =VLOOKUP(G92,'00设备表'!$D:$F,2,0) -> 华为CE6881H | I92: MPO双头尾纤 | J92: =IF(I92="多模双头尾纤","LC-LC"&" "&L92&"米",IF(I92="单模双头尾纤","SC-LC"&" "&L92&"米",IF(I92="MPO双头尾纤","MPO-MPO"&" "&L92&"米",IF(I92="以太网线","超五类线",0)))) -> MPO-MPO 15米 | K92: 1 | L92: =IF(C92=F92,10,(10+ROUNDUP(ABS(MID(C92,7,3)-MID(F92,7,3))/4,0)*5)) -> 15 | N92: =IF(L92=10,"架内走线","上走线") -> 上走线 | Q92: =IF(ABS(MID(C92,3,3)-MID(F92,3,3))<>0,"建议手动计算",IF(C92=F92,10,(10+ROUNDUP(ABS(MID(C92,7,3)-MID(F92,7,3))/4,0)*5))) -> 建议手动计算
A93: 崇左城南二楼IDC机房 | B93: 92 | C93: =VLOOKUP(D93,'00设备表'!$D:$F,3,0) -> HW107-03 | D93: 互联网区核心交换机-2 | E93: =VLOOKUP(D93,'00设备表'!$D:$F,2,0) -> 华为CE8865-4C | F93: =VLOOKUP(G93,'00设备表'!$D:$F,3,0) -> HW108-03 | G93: 互联网区万兆对象存储交换机-2 | H93: =VLOOKUP(G93,'00设备表'!$D:$F,2,0) -> 华为CE6881H | I93: MPO双头尾纤 | J93: =IF(I93="多模双头尾纤","LC-LC"&" "&L93&"米",IF(I93="单模双头尾纤","SC-LC"&" "&L93&"米",IF(I93="MPO双头尾纤","MPO-MPO"&" "&L93&"米",IF(I93="以太网线","超五类线",0)))) -> MPO-MPO 10米 | K93: 1 | L93: =IF(C93=F93,10,(10+ROUNDUP(ABS(MID(C93,7,3)-MID(F93,7,3))/4,0)*5)) -> 10 | N93: =IF(L93=10,"架内走线","上走线") -> 架内走线 | Q93: =IF(ABS(MID(C93,3,3)-MID(F93,3,3))<>0,"建议手动计算",IF(C93=F93,10,(10+ROUNDUP(ABS(MID(C93,7,3)-MID(F93,7,3))/4,0)*5))) -> 建议手动计算
A94: 崇左城南二楼IDC机房 | B94: 93 | C94: =VLOOKUP(D94,'00设备表'!$D:$F,3,0) -> HW107-03 | D94: 互联网区核心交换机-2 | E94: =VLOOKUP(D94,'00设备表'!$D:$F,2,0) -> 华为CE8865-4C | F94: =VLOOKUP(G94,'00设备表'!$D:$F,3,0) -> HW108-01 | G94: 互联网区安全交换机-1 | H94: =VLOOKUP(G94,'00设备表'!$D:$F,2,0) -> 华为CE6881H | I94: MPO双头尾纤 | J94: =IF(I94="多模双头尾纤","LC-LC"&" "&L94&"米",IF(I94="单模双头尾纤","SC-LC"&" "&L94&"米",IF(I94="MPO双头尾纤","MPO-MPO"&" "&L94&"米",IF(I94="以太网线","超五类线",0)))) -> MPO-MPO 15米 | K94: 1 | L94: =IF(C94=F94,10,(10+ROUNDUP(ABS(MID(C94,7,3)-MID(F94,7,3))/4,0)*5)) -> 15 | N94: =IF(L94=10,"架内走线","上走线") -> 上走线 | Q94: =IF(ABS(MID(C94,3,3)-MID(F94,3,3))<>0,"建议手动计算",IF(C94=F94,10,(10+ROUNDUP(ABS(MID(C94,7,3)-MID(F94,7,3))/4,0)*5))) -> 建议手动计算
A95: 崇左城南二楼IDC机房 | B95: 94 | C95: =VLOOKUP(D95,'00设备表'!$D:$F,3,0) -> HW107-03 | D95: 互联网区核心交换机-2 | E95: =VLOOKUP(D95,'00设备表'!$D:$F,2,0) -> 华为CE8865-4C | F95: =VLOOKUP(G95,'00设备表'!$D:$F,3,0) -> HW108-03 | G95: 互联网区安全交换机-2 | H95: =VLOOKUP(G95,'00设备表'!$D:$F,2,0) -> 华为CE6881H | I95: MPO双头尾纤 | J95: =IF(I95="多模双头尾纤","LC-LC"&" "&L95&"米",IF(I95="单模双头尾纤","SC-LC"&" "&L95&"米",IF(I95="MPO双头尾纤","MPO-MPO"&" "&L95&"米",IF(I95="以太网线","超五类线",0)))) -> MPO-MPO 10米 | K95: 1 | L95: =IF(C95=F95,10,(10+ROUNDUP(ABS(MID(C95,7,3)-MID(F95,7,3))/4,0)*5)) -> 10 | N95: =IF(L95=10,"架内走线","上走线") -> 架内走线 | Q95: =IF(ABS(MID(C95,3,3)-MID(F95,3,3))<>0,"建议手动计算",IF(C95=F95,10,(10+ROUNDUP(ABS(MID(C95,7,3)-MID(F95,7,3))/4,0)*5))) -> 建议手动计算
A96: 崇左城南二楼IDC机房 | B96: 95 | C96: =VLOOKUP(D96,'00设备表'!$D:$F,3,0) -> HW107-03 | D96: 互联网区核心交换机-2 | E96: =VLOOKUP(D96,'00设备表'!$D:$F,2,0) -> 华为CE8865-4C | F96: =VLOOKUP(G96,'00设备表'!$D:$F,3,0) -> HW107-02 | G96: 互联网区安全池交换机-1 | H96: =VLOOKUP(G96,'00设备表'!$D:$F,2,0) -> 华为CE6881H | I96: MPO双头尾纤 | J96: =IF(I96="多模双头尾纤","LC-LC"&" "&L96&"米",IF(I96="单模双头尾纤","SC-LC"&" "&L96&"米",IF(I96="MPO双头尾纤","MPO-MPO"&" "&L96&"米",IF(I96="以太网线","超五类线",0)))) -> MPO-MPO 15米 | K96: 1 | L96: =IF(C96=F96,10,(10+ROUNDUP(ABS(MID(C96,7,3)-MID(F96,7,3))/4,0)*5)) -> 15 | N96: =IF(L96=10,"架内走线","上走线") -> 上走线 | Q96: =IF(ABS(MID(C96,3,3)-MID(F96,3,3))<>0,"建议手动计算",IF(C96=F96,10,(10+ROUNDUP(ABS(MID(C96,7,3)-MID(F96,7,3))/4,0)*5))) -> 15
A97: 崇左城南二楼IDC机房 | B97: 96 | C97: =VLOOKUP(D97,'00设备表'!$D:$F,3,0) -> HW107-03 | D97: 互联网区核心交换机-2 | E97: =VLOOKUP(D97,'00设备表'!$D:$F,2,0) -> 华为CE8865-4C | F97: =VLOOKUP(G97,'00设备表'!$D:$F,3,0) -> HW107-03 | G97: 互联网区安全池交换机-2 | H97: =VLOOKUP(G97,'00设备表'!$D:$F,2,0) -> 华为CE6881H | I97: MPO双头尾纤 | J97: =IF(I97="多模双头尾纤","LC-LC"&" "&L97&"米",IF(I97="单模双头尾纤","SC-LC"&" "&L97&"米",IF(I97="MPO双头尾纤","MPO-MPO"&" "&L97&"米",IF(I97="以太网线","超五类线",0)))) -> MPO-MPO 10米 | K97: 1 | L97: =IF(C97=F97,10,(10+ROUNDUP(ABS(MID(C97,7,3)-MID(F97,7,3))/4,0)*5)) -> 10 | N97: =IF(L97=10,"架内走线","上走线") -> 架内走线 | Q97: =IF(ABS(MID(C97,3,3)-MID(F97,3,3))<>0,"建议手动计算",IF(C97=F97,10,(10+ROUNDUP(ABS(MID(C97,7,3)-MID(F97,7,3))/4,0)*5))) -> 10
A98: 崇左城南二楼IDC机房 | B98: 97 | C98: =VLOOKUP(D98,'00设备表'!$D:$F,3,0) -> HW107-03 | D98: 互联网区核心交换机-2 | E98: =VLOOKUP(D98,'00设备表'!$D:$F,2,0) -> 华为CE8865-4C | F98: =VLOOKUP(G98,'00设备表'!$D:$F,3,0) -> HW107-07 | G98: 互联网区专线交换机-1 | H98: =VLOOKUP(G98,'00设备表'!$D:$F,2,0) -> 华为CE6881H | I98: MPO双头尾纤 | J98: =IF(I98="多模双头尾纤","LC-LC"&" "&L98&"米",IF(I98="单模双头尾纤","SC-LC"&" "&L98&"米",IF(I98="MPO双头尾纤","MPO-MPO"&" "&L98&"米",IF(I98="以太网线","超五类线",0)))) -> MPO-MPO 15米 | K98: 1 | L98: =IF(C98=F98,10,(10+ROUNDUP(ABS(MID(C98,7,3)-MID(F98,7,3))/4,0)*5)) -> 15 | N98: =IF(L98=10,"架内走线","上走线") -> 上走线 | Q98: =IF(ABS(MID(C98,3,3)-MID(F98,3,3))<>0,"建议手动计算",IF(C98=F98,10,(10+ROUNDUP(ABS(MID(C98,7,3)-MID(F98,7,3))/4,0)*5))) -> 15
... A106: 崇左城南二楼IDC机房 | B106: 104 | C106: =VLOOKUP(D106,'00设备表'!$D:$F,3,0) -> HW107-03 | D106: 互联网区核心交换机-2 | E106: =VLOOKUP(D106,'00设备表'!$D:$F,2,0) -> 华为CE8865-4C | F106: =VLOOKUP(G106,'00设备表'!$D:$F,3,0) -> HW108-09 | G106: 网闸-2 | H106: =VLOOKUP(G106,'00设备表'!$D:$F,2,0) -> 天融信TopRules(FT-A10) | I106: 多模双头尾纤 | J106: =IF(I106="多模双头尾纤","LC-LC"&" "&L106&"米",IF(I106="单模双头尾纤","SC-LC"&" "&L106&"米",IF(I106="MPO双头尾纤","MPO-MPO"&" "&L106&"米",IF(I106="以太网线","超五类线",0)))) -> LC-LC 20米 | K106: 2 | L106: =IF(C106=F106,10,(10+ROUNDUP(ABS(MID(C106,7,3)-MID(F106,7,3))/4,0)*5)) -> 20 | N106: =IF(L106=10,"架内走线","上走线") -> 上走线 | Q106: =IF(ABS(MID(C106,3,3)-MID(F106,3,3))<>0,"建议手动计算",IF(C106=F106,10,(10+ROUNDUP(ABS(MID(C106,7,3)-MID(F106,7,3))/4,0)*5))) -> 建议手动计算
A107: 崇左城南二楼IDC机房 | B107: 105 | C107: =VLOOKUP(D107,'00设备表'!$D:$F,3,0) -> HW108-07 | D107: 管理区核心交换机-1 | E107: =VLOOKUP(D107,'00设备表'!$D:$F,2,0) -> 华为CE16804 | F107: =VLOOKUP(G107,'00设备表'!$D:$F,3,0) -> HW108-09 | G107: 管理区核心交换机-2 | H107: =VLOOKUP(G107,'00设备表'!$D:$F,2,0) -> 华为CE16804 | I107: 多模双头尾纤 | J107: =IF(I107="多模双头尾纤","LC-LC"&" "&L107&"米",IF(I107="单模双头尾纤","SC-LC"&" "&L107&"米",IF(I107="MPO双头尾纤","MPO-MPO"&" "&L107&"米",IF(I107="以太网线","超五类线",0)))) -> LC-LC 15米 | K107: 4 | L107: =IF(C107=F107,10,(10+ROUNDUP(ABS(MID(C107,7,3)-MID(F107,7,3))/4,0)*5)) -> 15 | M107: =K107*L107 -> 60 | N107: =IF(L107=10,"架内走线","上走线") -> 上走线 | Q107: =IF(ABS(MID(C107,3,3)-MID(F107,3,3))<>0,"建议手动计算",IF(C107=F107,10,(10+ROUNDUP(ABS(MID(C107,7,3)-MID(F107,7,3))/4,0)*5))) -> 15
A108: 崇左城南二楼IDC机房 | B108: 106 | C108: =VLOOKUP(D108,'00设备表'!$D:$F,3,0) -> HW108-07 | D108: 管理区核心交换机-1 | E108: =VLOOKUP(D108,'00设备表'!$D:$F,2,0) -> 华为CE16804 | F108: =VLOOKUP(G108,'00设备表'!$D:$F,3,0) -> HW108-09 | G108: 管理区核心交换机-2 | H108: =VLOOKUP(G108,'00设备表'!$D:$F,2,0) -> 华为CE16804 | I108: MPO双头尾纤 | J108: =IF(I108="多模双头尾纤","LC-LC"&" "&L108&"米",IF(I108="单模双头尾纤","SC-LC"&" "&L108&"米",IF(I108="MPO双头尾纤","MPO-MPO"&" "&L108&"米",IF(I108="以太网线","超五类线",0)))) -> MPO-MPO 15米 | K108: 2 | L108: =IF(C108=F108,10,(10+ROUNDUP(ABS(MID(C108,7,3)-MID(F108,7,3))/4,0)*5)) -> 15 | M108: =K108*L108 -> 30 | N108: =IF(L108=10,"架内走线","上走线") -> 上走线 | Q108: =IF(ABS(MID(C108,3,3)-MID(F108,3,3))<>0,"建议手动计算",IF(C108=F108,10,(10+ROUNDUP(ABS(MID(C108,7,3)-MID(F108,7,3))/4,0)*5))) -> 15
A109: 崇左城南二楼IDC机房 | B109: 107 | C109: =VLOOKUP(D109,'00设备表'!$D:$F,3,0) -> HW108-07 | D109: 管理区核心交换机-1 | E109: =VLOOKUP(D109,'00设备表'!$D:$F,2,0) -> 华为CE16804 | F109: =VLOOKUP(G109,'00设备表'!$D:$F,3,0) -> HW105-04 | G109: 政务外网区万兆管理交换机-1 | H109: =VLOOKUP(G109,'00设备表'!$D:$F,2,0) -> 华为CE6881H | I109: MPO双头尾纤 | J109: =IF(I109="多模双头尾纤","LC-LC"&" "&L109&"米",IF(I109="单模双头尾纤","SC-LC"&" "&L109&"米",IF(I109="MPO双头尾纤","MPO-MPO"&" "&L109&"米",IF(I109="以太网线","超五类线",0)))) -> MPO-MPO 15米 | K109: 1 | L109: =IF(C109=F109,10,(10+ROUNDUP(ABS(MID(C109,7,3)-MID(F109,7,3))/4,0)*5)) -> 15 | M109: =K109*L109 -> 15 | N109: =IF(L109=10,"架内走线","上走线") -> 上走线 | Q109: =IF(ABS(MID(C109,3,3)-MID(F109,3,3))<>0,"建议手动计算",IF(C109=F109,10,(10+ROUNDUP(ABS(MID(C109,7,3)-MID(F109,7,3))/4,0)*5))) -> 建议手动计算
A110: 崇左城南二楼IDC机房 | B110: 108 | C110: =VLOOKUP(D110,'00设备表'!$D:$F,3,0) -> HW108-07 | D110: 管理区核心交换机-1 | E110: =VLOOKUP(D110,'00设备表'!$D:$F,2,0) -> 华为CE16804 | F110: =VLOOKUP(G110,'00设备表'!$D:$F,3,0) -> HW105-05 | G110: 政务外网区万兆管理交换机-2 | H110: =VLOOKUP(G110,'00设备表'!$D:$F,2,0) -> 华为CE6881H | I110: MPO双头尾纤 | J110: =IF(I110="多模双头尾纤","LC-LC"&" "&L110&"米",IF(I110="单模双头尾纤","SC-LC"&" "&L110&"米",IF(I110="MPO双头尾纤","MPO-MPO"&" "&L110&"米",IF(I110="以太网线","超五类线",0)))) -> MPO-MPO 15米 | K110: 1 | L110: =IF(C110=F110,10,(10+ROUNDUP(ABS(MID(C110,7,3)-MID(F110,7,3))/4,0)*5)) -> 15 | M110: =K110*L110 -> 15 | N110: =IF(L110=10,"架内走线","上走线") -> 上走线 | Q110: =IF(ABS(MID(C110,3,3)-MID(F110,3,3))<>0,"建议手动计算",IF(C110=F110,10,(10+ROUNDUP(ABS(MID(C110,7,3)-MID(F110,7,3))/4,0)*5))) -> 建议手动计算
A111: 崇左城南二楼IDC机房 | B111: 109 | C111: =VLOOKUP(D111,'00设备表'!$D:$F,3,0) -> HW108-07 | D111: 管理区核心交换机-1 | E111: =VLOOKUP(D111,'00设备表'!$D:$F,2,0) -> 华为CE16804 | F111: =VLOOKUP(G111,'00设备表'!$D:$F,3,0) -> HW107-04 | G111: 互联网区万兆管理交换机-1 | H111: =VLOOKUP(G111,'00设备表'!$D:$F,2,0) -> 华为CE6881H | I111: MPO双头尾纤 | J111: =IF(I111="多模双头尾纤","LC-LC"&" "&L111&"米",IF(I111="单模双头尾纤","SC-LC"&" "&L111&"米",IF(I111="MPO双头尾纤","MPO-MPO"&" "&L111&"米",IF(I111="以太网线","超五类线",0)))) -> MPO-MPO 15米 | K111: 1 | L111: =IF(C111=F111,10,(10+ROUNDUP(ABS(MID(C111,7,3)-MID(F111,7,3))/4,0)*5)) -> 15 | M111: =K111*L111 -> 15 | N111: =IF(L111=10,"架内走线","上走线") -> 上走线 | Q111: =IF(ABS(MID(C111,3,3)-MID(F111,3,3))<>0,"建议手动计算",IF(C111=F111,10,(10+ROUNDUP(ABS(MID(C111,7,3)-MID(F111,7,3))/4,0)*5))) -> 建议手动计算
A112: 崇左城南二楼IDC机房 | B112: 110 | C112: =VLOOKUP(D112,'00设备表'!$D:$F,3,0) -> HW108-07 | D112: 管理区核心交换机-1 | E112: =VLOOKUP(D112,'00设备表'!$D:$F,2,0) -> 华为CE16804 | F112: =VLOOKUP(G112,'00设备表'!$D:$F,3,0) -> HW107-06 | G112: 互联网区万兆管理交换机-2 | H112: =VLOOKUP(G112,'00设备表'!$D:$F,2,0) -> 华为CE6881H | I112: MPO双头尾纤 | J112: =IF(I112="多模双头尾纤","LC-LC"&" "&L112&"米",IF(I112="单模双头尾纤","SC-LC"&" "&L112&"米",IF(I112="MPO双头尾纤","MPO-MPO"&" "&L112&"米",IF(I112="以太网线","超五类线",0)))) -> MPO-MPO 15米 | K112: 1 | L112: =IF(C112=F112,10,(10+ROUNDUP(ABS(MID(C112,7,3)-MID(F112,7,3))/4,0)*5)) -> 15 | M112: =K112*L112 -> 15 | N112: =IF(L112=10,"架内走线","上走线") -> 上走线 | Q112: =IF(ABS(MID(C112,3,3)-MID(F112,3,3))<>0,"建议手动计算",IF(C112=F112,10,(10+ROUNDUP(ABS(MID(C112,7,3)-MID(F112,7,3))/4,0)*5))) -> 建议手动计算
A113: 崇左城南二楼IDC机房 | B113: 111 | C113: =VLOOKUP(D113,'00设备表'!$D:$F,3,0) -> HW108-07 | D113: 管理区核心交换机-1 | E113: =VLOOKUP(D113,'00设备表'!$D:$F,2,0) -> 华为CE16804 | F113: =VLOOKUP(G113,'00设备表'!$D:$F,3,0) -> HW105-06 | G113: 政务外网区万兆业务管理交换机-1 | H113: =VLOOKUP(G113,'00设备表'!$D:$F,2,0) -> 华为CE6881H | I113: MPO双头尾纤 | J113: =IF(I113="多模双头尾纤","LC-LC"&" "&L113&"米",IF(I113="单模双头尾纤","SC-LC"&" "&L113&"米",IF(I113="MPO双头尾纤","MPO-MPO"&" "&L113&"米",IF(I113="以太网线","超五类线",0)))) -> MPO-MPO 15米 | K113: 1 | L113: =IF(C113=F113,10,(10+ROUNDUP(ABS(MID(C113,7,3)-MID(F113,7,3))/4,0)*5)) -> 15 | M113: =K113*L113 -> 15 | N113: =IF(L113=10,"架内走线","上走线") -> 上走线 | Q113: =IF(ABS(MID(C113,3,3)-MID(F113,3,3))<>0,"建议手动计算",IF(C113=F113,10,(10+ROUNDUP(ABS(MID(C113,7,3)-MID(F113,7,3))/4,0)*5))) -> 建议手动计算
A114: 崇左城南二楼IDC机房 | B114: 112 | C114: =VLOOKUP(D114,'00设备表'!$D:$F,3,0) -> HW108-07 | D114: 管理区核心交换机-1 | E114: =VLOOKUP(D114,'00设备表'!$D:$F,2,0) -> 华为CE16804 | F114: =VLOOKUP(G114,'00设备表'!$D:$F,3,0) -> HW105-08 | G114: 政务外网区万兆业务管理交换机-2 | H114: =VLOOKUP(G114,'00设备表'!$D:$F,2,0) -> 华为CE6881H | I114: MPO双头尾纤 | J114: =IF(I114="多模双头尾纤","LC-LC"&" "&L114&"米",IF(I114="单模双头尾纤","SC-LC"&" "&L114&"米",IF(I114="MPO双头尾纤","MPO-MPO"&" "&L114&"米",IF(I114="以太网线","超五类线",0)))) -> MPO-MPO 15米 | K114: 1 | L114: =IF(C114=F114,10,(10+ROUNDUP(ABS(MID(C114,7,3)-MID(F114,7,3))/4,0)*5)) -> 15 | M114: =K114*L114 -> 15 | N114: =IF(L114=10,"架内走线","上走线") -> 上走线 | Q114: =IF(ABS(MID(C114,3,3)-MID(F114,3,3))<>0,"建议手动计算",IF(C114=F114,10,(10+ROUNDUP(ABS(MID(C114,7,3)-MID(F114,7,3))/4,0)*5))) -> 建议手动计算
A115: 崇左城南二楼IDC机房 | B115: 113 | C115: =VLOOKUP(D115,'00设备表'!$D:$F,3,0) -> HW108-07 | D115: 管理区核心交换机-1 | E115: =VLOOKUP(D115,'00设备表'!$D:$F,2,0) -> 华为CE16804 | F115: =VLOOKUP(G115,'00设备表'!$D:$F,3,0) -> HW107-07 | G115: 互联网区万兆业务管理交换机-1 | H115: =VLOOKUP(G115,'00设备表'!$D:$F,2,0) -> 华为CE6881H | I115: MPO双头尾纤 | J115: =IF(I115="多模双头尾纤","LC-LC"&" "&L115&"米",IF(I115="单模双头尾纤","SC-LC"&" "&L115&"米",IF(I115="MPO双头尾纤","MPO-MPO"&" "&L115&"米",IF(I115="以太网线","超五类线",0)))) -> MPO-MPO 10米 | K115: 1 | L115: =IF(C115=F115,10,(10+ROUNDUP(ABS(MID(C115,7,3)-MID(F115,7,3))/4,0)*5)) -> 10 | M115: =K115*L115 -> 10 | N115: =IF(L115=10,"架内走线","上走线") -> 架内走线 | Q115: =IF(ABS(MID(C115,3,3)-MID(F115,3,3))<>0,"建议手动计算",IF(C115=F115,10,(10+ROUNDUP(ABS(MID(C115,7,3)-MID(F115,7,3))/4,0)*5))) -> 建议手动计算
A116: 崇左城南二楼IDC机房 | B116: 114 | C116: =VLOOKUP(D116,'00设备表'!$D:$F,3,0) -> HW108-07 | D116: 管理区核心交换机-1 | E116: =VLOOKUP(D116,'00设备表'!$D:$F,2,0) -> 华为CE16804 | F116: =VLOOKUP(G116,'00设备表'!$D:$F,3,0) -> HW107-08 | G116: 互联网区万兆业务管理交换机-2 | H116: =VLOOKUP(G116,'00设备表'!$D:$F,2,0) -> 华为CE6881H | I116: MPO双头尾纤 | J116: =IF(I116="多模双头尾纤","LC-LC"&" "&L116&"米",IF(I116="单模双头尾纤","SC-LC"&" "&L116&"米",IF(I116="MPO双头尾纤","MPO-MPO"&" "&L116&"米",IF(I116="以太网线","超五类线",0)))) -> MPO-MPO 15米 | K116: 1 | L116: =IF(C116=F116,10,(10+ROUNDUP(ABS(MID(C116,7,3)-MID(F116,7,3))/4,0)*5)) -> 15 | M116: =K116*L116 -> 15 | N116: =IF(L116=10,"架内走线","上走线") -> 上走线 | Q116: =IF(ABS(MID(C116,3,3)-MID(F116,3,3))<>0,"建议手动计算",IF(C116=F116,10,(10+ROUNDUP(ABS(MID(C116,7,3)-MID(F116,7,3))/4,0)*5))) -> 建议手动计算
A117: 崇左城南二楼IDC机房 | B117: 115 | C117: =VLOOKUP(D117,'00设备表'!$D:$F,3,0) -> HW108-07 | D117: 管理区核心交换机-1 | E117: =VLOOKUP(D117,'00设备表'!$D:$F,2,0) -> 华为CE16804 | F117: =VLOOKUP(G117,'00设备表'!$D:$F,3,0) -> HW108-07 | G117: 管理区防火墙-1 | H117: =VLOOKUP(G117,'00设备表'!$D:$F,2,0) -> 华为1000E-F125 | I117: 多模双头尾纤 | J117: =IF(I117="多模双头尾纤","LC-LC"&" "&L117&"米",IF(I117="单模双头尾纤","SC-LC"&" "&L117&"米",IF(I117="MPO双头尾纤","MPO-MPO"&" "&L117&"米",IF(I117="以太网线","超五类线",0)))) -> LC-LC 10米 | K117: 2 | L117: =IF(C117=F117,10,(10+ROUNDUP(ABS(MID(C117,7,3)-MID(F117,7,3))/4,0)*5)) -> 10 | N117: =IF(L117=10,"架内走线","上走线") -> 架内走线 | P117: M-LAG | Q117: =IF(ABS(MID(C117,3,3)-MID(F117,3,3))<>0,"建议手动计算",IF(C117=F117,10,(10+ROUNDUP(ABS(MID(C117,7,3)-MID(F117,7,3))/4,0)*5))) -> 10
A118: 崇左城南二楼IDC机房 | B118: 116 | C118: =VLOOKUP(D118,'00设备表'!$D:$F,3,0) -> HW108-07 | D118: 管理区核心交换机-1 | E118: =VLOOKUP(D118,'00设备表'!$D:$F,2,0) -> 华为CE16804 | F118: =VLOOKUP(G118,'00设备表'!$D:$F,3,0) -> HW108-09 | G118: 管理区防火墙-2 | H118: =VLOOKUP(G118,'00设备表'!$D:$F,2,0) -> 华为1000E-F125 | I118: 多模双头尾纤 | J118: =IF(I118="多模双头尾纤","LC-LC"&" "&L118&"米",IF(I118="单模双头尾纤","SC-LC"&" "&L118&"米",IF(I118="MPO双头尾纤","MPO-MPO"&" "&L118&"米",IF(I118="以太网线","超五类线",0)))) -> LC-LC 15米 | K118: 2 | L118: =IF(C118=F118,10,(10+ROUNDUP(ABS(MID(C118,7,3)-MID(F118,7,3))/4,0)*5)) -> 15 | N118: =IF(L118=10,"架内走线","上走线") -> 上走线 | P118: M-LAG检测 | Q118: =IF(ABS(MID(C118,3,3)-MID(F118,3,3))<>0,"建议手动计算",IF(C118=F118,10,(10+ROUNDUP(ABS(MID(C118,7,3)-MID(F118,7,3))/4,0)*5))) -> 15
A119: 崇左城南二楼IDC机房 | B119: 117 | C119: =VLOOKUP(D119,'00设备表'!$D:$F,3,0) -> HW108-07 | D119: 管理区核心交换机-1 | E119: =VLOOKUP(D119,'00设备表'!$D:$F,2,0) -> 华为CE16804 | F119: =VLOOKUP(G119,'00设备表'!$D:$F,3,0) -> HW108-07 | G119: 管理区SSL VPN-1 | H119: =VLOOKUP(G119,'00设备表'!$D:$F,2,0) -> 信安G1300 | I119: 多模双头尾纤 | J119: =IF(I119="多模双头尾纤","LC-LC"&" "&L119&"米",IF(I119="单模双头尾纤","SC-LC"&" "&L119&"米",IF(I119="MPO双头尾纤","MPO-MPO"&" "&L119&"米",IF(I119="以太网线","超五类线",0)))) -> LC-LC 10米 | K119: 2 | L119: =IF(C119=F119,10,(10+ROUNDUP(ABS(MID(C119,7,3)-MID(F119,7,3))/4,0)*5)) -> 10 | N119: =IF(L119=10,"架内走线","上走线") -> 架内走线 | Q119: =IF(ABS(MID(C119,3,3)-MID(F119,3,3))<>0,"建议手动计算",IF(C119=F119,10,(10+ROUNDUP(ABS(MID(C119,7,3)-MID(F119,7,3))/4,0)*5))) -> 10
A120: 崇左城南二楼IDC机房 | B120: 118 | C120: =VLOOKUP(D120,'00设备表'!$D:$F,3,0) -> HW108-07 | D120: 管理区核心交换机-1 | E120: =VLOOKUP(D120,'00设备表'!$D:$F,2,0) -> 华为CE16804 | F120: =VLOOKUP(G120,'00设备表'!$D:$F,3,0) -> HW108-09 | G120: 管理区SSL VPN-2 | H120: =VLOOKUP(G120,'00设备表'!$D:$F,2,0) -> 信安G1300 | I120: 多模双头尾纤 | J120: =IF(I120="多模双头尾纤","LC-LC"&" "&L120&"米",IF(I120="单模双头尾纤","SC-LC"&" "&L120&"米",IF(I120="MPO双头尾纤","MPO-MPO"&" "&L120&"米",IF(I120="以太网线","超五类线",0)))) -> LC-LC 15米 | K120: 2 | L120: =IF(C120=F120,10,(10+ROUNDUP(ABS(MID(C120,7,3)-MID(F120,7,3))/4,0)*5)) -> 15 | N120: =IF(L120=10,"架内走线","上走线") -> 上走线 | Q120: =IF(ABS(MID(C120,3,3)-MID(F120,3,3))<>0,"建议手动计算",IF(C120=F120,10,(10+ROUNDUP(ABS(MID(C120,7,3)-MID(F120,7,3))/4,0)*5))) -> 15
A121: 崇左城南二楼IDC机房 | B121: 119 | C121: =VLOOKUP(D121,'00设备表'!$D:$F,3,0) -> HW108-09 | D121: 管理区核心交换机-2 | E121: =VLOOKUP(D121,'00设备表'!$D:$F,2,0) -> 华为CE16804 | F121: =VLOOKUP(G121,'00设备表'!$D:$F,3,0) -> HW105-04 | G121: 政务外网区万兆管理交换机-1 | H121: =VLOOKUP(G121,'00设备表'!$D:$F,2,0) -> 华为CE6881H | I121: MPO双头尾纤 | J121: =IF(I121="多模双头尾纤","LC-LC"&" "&L121&"米",IF(I121="单模双头尾纤","SC-LC"&" "&L121&"米",IF(I121="MPO双头尾纤","MPO-MPO"&" "&L121&"米",IF(I121="以太网线","超五类线",0)))) -> MPO-MPO 20米 | K121: 1 | L121: =IF(C121=F121,10,(10+ROUNDUP(ABS(MID(C121,7,3)-MID(F121,7,3))/4,0)*5)) -> 20 | N121: =IF(L121=10,"架内走线","上走线") -> 上走线 | Q121: =IF(ABS(MID(C121,3,3)-MID(F121,3,3))<>0,"建议手动计算",IF(C121=F121,10,(10+ROUNDUP(ABS(MID(C121,7,3)-MID(F121,7,3))/4,0)*5))) -> 建议手动计算
A122: 崇左城南二楼IDC机房 | B122: 120 | C122: =VLOOKUP(D122,'00设备表'!$D:$F,3,0) -> HW108-09 | D122: 管理区核心交换机-2 | E122: =VLOOKUP(D122,'00设备表'!$D:$F,2,0) -> 华为CE16804 | F122: =VLOOKUP(G122,'00设备表'!$D:$F,3,0) -> HW105-05 | G122: 政务外网区万兆管理交换机-2 | H122: =VLOOKUP(G122,'00设备表'!$D:$F,2,0) -> 华为CE6881H | I122: MPO双头尾纤 | J122: =IF(I122="多模双头尾纤","LC-LC"&" "&L122&"米",IF(I122="单模双头尾纤","SC-LC"&" "&L122&"米",IF(I122="MPO双头尾纤","MPO-MPO"&" "&L122&"米",IF(I122="以太网线","超五类线",0)))) -> MPO-MPO 15米 | K122: 1 | L122: =IF(C122=F122,10,(10+ROUNDUP(ABS(MID(C122,7,3)-MID(F122,7,3))/4,0)*5)) -> 15 | N122: =IF(L122=10,"架内走线","上走线") -> 上走线 | Q122: =IF(ABS(MID(C122,3,3)-MID(F122,3,3))<>0,"建议手动计算",IF(C122=F122,10,(10+ROUNDUP(ABS(MID(C122,7,3)-MID(F122,7,3))/4,0)*5))) -> 建议手动计算
A123: 崇左城南二楼IDC机房 | B123: 121 | C123: =VLOOKUP(D123,'00设备表'!$D:$F,3,0) -> HW108-09 | D123: 管理区核心交换机-2 | E123: =VLOOKUP(D123,'00设备表'!$D:$F,2,0) -> 华为CE16804 | F123: =VLOOKUP(G123,'00设备表'!$D:$F,3,0) -> HW107-04 | G123: 互联网区万兆管理交换机-1 | H123: =VLOOKUP(G123,'00设备表'!$D:$F,2,0) -> 华为CE6881H | I123: MPO双头尾纤 | J123: =IF(I123="多模双头尾纤","LC-LC"&" "&L123&"米",IF(I123="单模双头尾纤","SC-LC"&" "&L123&"米",IF(I123="MPO双头尾纤","MPO-MPO"&" "&L123&"米",IF(I123="以太网线","超五类线",0)))) -> MPO-MPO 20米 | K123: 1 | L123: =IF(C123=F123,10,(10+ROUNDUP(ABS(MID(C123,7,3)-MID(F123,7,3))/4,0)*5)) -> 20 | M123: =K123*L123 -> 20 | N123: =IF(L123=10,"架内走线","上走线") -> 上走线 | Q123: =IF(ABS(MID(C123,3,3)-MID(F123,3,3))<>0,"建议手动计算",IF(C123=F123,10,(10+ROUNDUP(ABS(MID(C123,7,3)-MID(F123,7,3))/4,0)*5))) -> 建议手动计算
A124: 崇左城南二楼IDC机房 | B124: 122 | C124: =VLOOKUP(D124,'00设备表'!$D:$F,3,0) -> HW108-09 | D124: 管理区核心交换机-2 | E124: =VLOOKUP(D124,'00设备表'!$D:$F,2,0) -> 华为CE16804 | F124: =VLOOKUP(G124,'00设备表'!$D:$F,3,0) -> HW107-06 | G124: 互联网区万兆管理交换机-2 | H124: =VLOOKUP(G124,'00设备表'!$D:$F,2,0) -> 华为CE6881H | I124: MPO双头尾纤 | J124: =IF(I124="多模双头尾纤","LC-LC"&" "&L124&"米",IF(I124="单模双头尾纤","SC-LC"&" "&L124&"米",IF(I124="MPO双头尾纤","MPO-MPO"&" "&L124&"米",IF(I124="以太网线","超五类线",0)))) -> MPO-MPO 15米 | K124: 1 | L124: =IF(C124=F124,10,(10+ROUNDUP(ABS(MID(C124,7,3)-MID(F124,7,3))/4,0)*5)) -> 15 | M124: =K124*L124 -> 15 | N124: =IF(L124=10,"架内走线","上走线") -> 上走线 | Q124: =IF(ABS(MID(C124,3,3)-MID(F124,3,3))<>0,"建议手动计算",IF(C124=F124,10,(10+ROUNDUP(ABS(MID(C124,7,3)-MID(F124,7,3))/4,0)*5))) -> 建议手动计算
A125: 崇左城南二楼IDC机房 | B125: 123 | C125: =VLOOKUP(D125,'00设备表'!$D:$F,3,0) -> HW108-09 | D125: 管理区核心交换机-2 | E125: =VLOOKUP(D125,'00设备表'!$D:$F,2,0) -> 华为CE16804 | F125: =VLOOKUP(G125,'00设备表'!$D:$F,3,0) -> HW105-06 | G125: 政务外网区万兆业务管理交换机-1 | H125: =VLOOKUP(G125,'00设备表'!$D:$F,2,0) -> 华为CE6881H | I125: MPO双头尾纤 | J125: =IF(I125="多模双头尾纤","LC-LC"&" "&L125&"米",IF(I125="单模双头尾纤","SC-LC"&" "&L125&"米",IF(I125="MPO双头尾纤","MPO-MPO"&" "&L125&"米",IF(I125="以太网线","超五类线",0)))) -> MPO-MPO 15米 | K125: 1 | L125: =IF(C125=F125,10,(10+ROUNDUP(ABS(MID(C125,7,3)-MID(F125,7,3))/4,0)*5)) -> 15 | M125: =K125*L125 -> 15 | N125: =IF(L125=10,"架内走线","上走线") -> 上走线 | Q125: =IF(ABS(MID(C125,3,3)-MID(F125,3,3))<>0,"建议手动计算",IF(C125=F125,10,(10+ROUNDUP(ABS(MID(C125,7,3)-MID(F125,7,3))/4,0)*5))) -> 建议手动计算
A126: 崇左城南二楼IDC机房 | B126: 124 | C126: =VLOOKUP(D126,'00设备表'!$D:$F,3,0) -> HW108-09 | D126: 管理区核心交换机-2 | E126: =VLOOKUP(D126,'00设备表'!$D:$F,2,0) -> 华为CE16804 | F126: =VLOOKUP(G126,'00设备表'!$D:$F,3,0) -> HW105-08 | G126: 政务外网区万兆业务管理交换机-2 | H126: =VLOOKUP(G126,'00设备表'!$D:$F,2,0) -> 华为CE6881H | I126: MPO双头尾纤 | J126: =IF(I126="多模双头尾纤","LC-LC"&" "&L126&"米",IF(I126="单模双头尾纤","SC-LC"&" "&L126&"米",IF(I126="MPO双头尾纤","MPO-MPO"&" "&L126&"米",IF(I126="以太网线","超五类线",0)))) -> MPO-MPO 15米 | K126: 1 | L126: =IF(C126=F126,10,(10+ROUNDUP(ABS(MID(C126,7,3)-MID(F126,7,3))/4,0)*5)) -> 15 | M126: =K126*L126 -> 15 | N126: =IF(L126=10,"架内走线","上走线") -> 上走线 | Q126: =IF(ABS(MID(C126,3,3)-MID(F126,3,3))<>0,"建议手动计算",IF(C126=F126,10,(10+ROUNDUP(ABS(MID(C126,7,3)-MID(F126,7,3))/4,0)*5))) -> 建议手动计算
A127: 崇左城南二楼IDC机房 | B127: 125 | C127: =VLOOKUP(D127,'00设备表'!$D:$F,3,0) -> HW108-09 | D127: 管理区核心交换机-2 | E127: =VLOOKUP(D127,'00设备表'!$D:$F,2,0) -> 华为CE16804 | F127: =VLOOKUP(G127,'00设备表'!$D:$F,3,0) -> HW107-07 | G127: 互联网区万兆业务管理交换机-1 | H127: =VLOOKUP(G127,'00设备表'!$D:$F,2,0) -> 华为CE6881H | I127: MPO双头尾纤 | J127: =IF(I127="多模双头尾纤","LC-LC"&" "&L127&"米",IF(I127="单模双头尾纤","SC-LC"&" "&L127&"米",IF(I127="MPO双头尾纤","MPO-MPO"&" "&L127&"米",IF(I127="以太网线","超五类线",0)))) -> MPO-MPO 15米 | K127: 1 | L127: =IF(C127=F127,10,(10+ROUNDUP(ABS(MID(C127,7,3)-MID(F127,7,3))/4,0)*5)) -> 15 | M127: =K127*L127 -> 15 | N127: =IF(L127=10,"架内走线","上走线") -> 上走线 | Q127: =IF(ABS(MID(C127,3,3)-MID(F127,3,3))<>0,"建议手动计算",IF(C127=F127,10,(10+ROUNDUP(ABS(MID(C127,7,3)-MID(F127,7,3))/4,0)*5))) -> 建议手动计算
...

Sheet 材料表
A1: 序号 | B1: 名称 | C1: 型号 | D1: 单位 | E1: 崇左城南二楼IDC机房 | F1: 柳东数据中心东202机房 | G1: 合计 | H1: 单价（不含税价） | I1: 合价
A3: 1 | B3: 水晶头 | D3: 个 | E3: =75*2 -> 150 | G3: =SUM(E3:F3) -> 150 | H3: 1.3 | I3: =H3*G3 -> 195
A4: 2 | B4: 以太网线 | C4: 超五类线 | D4: 米 | E4: =SUMIFS(布线计划表!M:M,布线计划表!I:I,B4,布线计划表!J:J,C4,布线计划表!A:A,$E$1) -> 2385 | F4: =SUMIFS(布线计划表!M:M,布线计划表!I:I,B4,布线计划表!J:J,C4,布线计划表!A:A,$F$1) -> 20 | G4: =SUM(E4:F4) -> 2405 | H4: 1.5 | I4: =H4*G4 -> 3607.5
A5: 3 | B5: 单模双头尾纤 | C5: FC-FC 1米 | D5: 条 | E5: =SUMIFS(布线计划表!K:K,布线计划表!I:I,B5,布线计划表!J:J,C5,布线计划表!A:A,$E$1) -> 0 | F5: =SUMIFS(布线计划表!K:K,布线计划表!I:I,B5,布线计划表!J:J,C5,布线计划表!A:A,$F$1) -> 0 | G5: =SUM(E5:F5) -> 0 | H5: 8 | I5: =H5*G5 -> 0
A6: 4 | B6: 单模双头尾纤 | C6: FC-FC 2米 | D6: 条 | E6: =SUMIFS(布线计划表!K:K,布线计划表!I:I,B6,布线计划表!J:J,C6,布线计划表!A:A,$E$1) -> 0 | F6: =SUMIFS(布线计划表!K:K,布线计划表!I:I,B6,布线计划表!J:J,C6,布线计划表!A:A,$F$1) -> 0 | G6: =SUM(E6:F6) -> 0 | H6: 8 | I6: =H6*G6 -> 0
A7: 5 | B7: 单模双头尾纤 | C7: FC-FC 3米 | D7: 条 | E7: =SUMIFS(布线计划表!K:K,布线计划表!I:I,B7,布线计划表!J:J,C7,布线计划表!A:A,$E$1) -> 0 | F7: =SUMIFS(布线计划表!K:K,布线计划表!I:I,B7,布线计划表!J:J,C7,布线计划表!A:A,$F$1) -> 0 | G7: =SUM(E7:F7) -> 0 | H7: 8 | I7: =H7*G7 -> 0
A8: 6 | B8: 单模双头尾纤 | C8: FC-FC 5米 | D8: 条 | E8: =SUMIFS(布线计划表!K:K,布线计划表!I:I,B8,布线计划表!J:J,C8,布线计划表!A:A,$E$1) -> 0 | F8: =SUMIFS(布线计划表!K:K,布线计划表!I:I,B8,布线计划表!J:J,C8,布线计划表!A:A,$F$1) -> 0 | G8: =SUM(E8:F8) -> 0 | H8: 8 | I8: =H8*G8 -> 0
A9: 7 | B9: 单模双头尾纤 | C9: FC-FC 7米 | D9: 条 | E9: =SUMIFS(布线计划表!K:K,布线计划表!I:I,B9,布线计划表!J:J,C9,布线计划表!A:A,$E$1) -> 0 | F9: =SUMIFS(布线计划表!K:K,布线计划表!I:I,B9,布线计划表!J:J,C9,布线计划表!A:A,$F$1) -> 0 | G9: =SUM(E9:F9) -> 0 | H9: 9 | I9: =H9*G9 -> 0
A10: 8 | B10: 单模双头尾纤 | C10: FC-FC 10米 | D10: 条 | E10: =SUMIFS(布线计划表!K:K,布线计划表!I:I,B10,布线计划表!J:J,C10,布线计划表!A:A,$E$1) -> 0 | F10: =SUMIFS(布线计划表!K:K,布线计划表!I:I,B10,布线计划表!J:J,C10,布线计划表!A:A,$F$1) -> 0 | G10: =SUM(E10:F10) -> 0 | H10: 10 | I10: =H10*G10 -> 0
A11: 9 | B11: 单模双头尾纤 | C11: FC-FC 15米 | D11: 条 | E11: =SUMIFS(布线计划表!K:K,布线计划表!I:I,B11,布线计划表!J:J,C11,布线计划表!A:A,$E$1) -> 0 | F11: =SUMIFS(布线计划表!K:K,布线计划表!I:I,B11,布线计划表!J:J,C11,布线计划表!A:A,$F$1) -> 0 | G11: =SUM(E11:F11) -> 0 | H11: 12 | I11: =H11*G11 -> 0
A12: 10 | B12: 单模双头尾纤 | C12: FC-FC 20米 | D12: 条 | E12: =SUMIFS(布线计划表!K:K,布线计划表!I:I,B12,布线计划表!J:J,C12,布线计划表!A:A,$E$1) -> 0 | F12: =SUMIFS(布线计划表!K:K,布线计划表!I:I,B12,布线计划表!J:J,C12,布线计划表!A:A,$F$1) -> 0 | G12: =SUM(E12:F12) -> 0 | H12: 14 | I12: =H12*G12 -> 0
A13: 11 | B13: 单模双头尾纤 | C13: FC-FC 25米 | D13: 条 | E13: =SUMIFS(布线计划表!K:K,布线计划表!I:I,B13,布线计划表!J:J,C13,布线计划表!A:A,$E$1) -> 0 | F13: =SUMIFS(布线计划表!K:K,布线计划表!I:I,B13,布线计划表!J:J,C13,布线计划表!A:A,$F$1) -> 0 | G13: =SUM(E13:F13) -> 0 | H13: 16 | I13: =H13*G13 -> 0
A14: 12 | B14: 单模双头尾纤 | C14: FC-FC 30米 | D14: 条 | E14: =SUMIFS(布线计划表!K:K,布线计划表!I:I,B14,布线计划表!J:J,C14,布线计划表!A:A,$E$1) -> 0 | F14: =SUMIFS(布线计划表!K:K,布线计划表!I:I,B14,布线计划表!J:J,C14,布线计划表!A:A,$F$1) -> 0 | G14: =SUM(E14:F14) -> 0 | H14: 18 | I14: =H14*G14 -> 0
A15: 13 | B15: 单模双头尾纤 | C15: FC-FC 35米 | D15: 条 | E15: =SUMIFS(布线计划表!K:K,布线计划表!I:I,B15,布线计划表!J:J,C15,布线计划表!A:A,$E$1) -> 0 | F15: =SUMIFS(布线计划表!K:K,布线计划表!I:I,B15,布线计划表!J:J,C15,布线计划表!A:A,$F$1) -> 0 | G15: =SUM(E15:F15) -> 0 | H15: 20 | I15: =H15*G15 -> 0
A16: 14 | B16: 单模双头尾纤 | C16: FC-FC 40米 | D16: 条 | E16: =SUMIFS(布线计划表!K:K,布线计划表!I:I,B16,布线计划表!J:J,C16,布线计划表!A:A,$E$1) -> 0 | F16: =SUMIFS(布线计划表!K:K,布线计划表!I:I,B16,布线计划表!J:J,C16,布线计划表!A:A,$F$1) -> 0 | G16: =SUM(E16:F16) -> 0 | H16: 22 | I16: =H16*G16 -> 0
... A166: 164 | B166: 多模双头尾纤 | C166: SC-SC 50米 | D166: 条 | E166: =SUMIFS(布线计划表!K:K,布线计划表!I:I,B166,布线计划表!J:J,C166,布线计划表!A:A,$E$1) -> 0 | F166: =SUMIFS(布线计划表!K:K,布线计划表!I:I,B166,布线计划表!J:J,C166,布线计划表!A:A,$F$1) -> 0 | G166: =SUM(E166:F166) -> 0 | H166: 43 | I166: =H166*G166 -> 0
A167: 165 | B167: MPO双头尾纤 | C167: MPO-MPO 5米 | D167: 条 | E167: =SUMIFS(布线计划表!K:K,布线计划表!I:I,B167,布线计划表!J:J,C167,布线计划表!A:A,$E$1) -> 0 | F167: =SUMIFS(布线计划表!K:K,布线计划表!I:I,B167,布线计划表!J:J,C167,布线计划表!A:A,$F$1) -> 0 | G167: =SUM(E167:F167) -> 0 | H167: 200 | I167: =H167*G167 -> 0 | J167: 40G多模MPO模块使用
A168: 166 | B168: MPO双头尾纤 | C168: MPO-MPO 10米 | D168: 条 | E168: =SUMIFS(布线计划表!K:K,布线计划表!I:I,B168,布线计划表!J:J,C168,布线计划表!A:A,$E$1) -> 13 | F168: =SUMIFS(布线计划表!K:K,布线计划表!I:I,B168,布线计划表!J:J,C168,布线计划表!A:A,$F$1) -> 0 | G168: =SUM(E168:F168) -> 13 | H168: 320 | I168: =H168*G168 -> 4160 | J168: 40G多模MPO模块使用
A169: 167 | B169: MPO双头尾纤 | C169: MPO-MPO 15米 | D169: 条 | E169: =SUMIFS(布线计划表!K:K,布线计划表!I:I,B169,布线计划表!J:J,C169,布线计划表!A:A,$E$1) -> 83 | F169: =SUMIFS(布线计划表!K:K,布线计划表!I:I,B169,布线计划表!J:J,C169,布线计划表!A:A,$F$1) -> 0 | G169: =SUM(E169:F169) -> 83 | H169: 395 | I169: =H169*G169 -> 32785 | J169: 40G多模MPO模块使用
A170: 168 | B170: MPO双头尾纤 | C170: MPO-MPO 20米 | D170: 条 | E170: =SUMIFS(布线计划表!K:K,布线计划表!I:I,B170,布线计划表!J:J,C170,布线计划表!A:A,$E$1) -> 12 | F170: =SUMIFS(布线计划表!K:K,布线计划表!I:I,B170,布线计划表!J:J,C170,布线计划表!A:A,$F$1) -> 0 | G170: =SUM(E170:F170) -> 12 | H170: 470 | I170: =H170*G170 -> 5640 | J170: 40G多模MPO模块使用
A171: 169 | B171: MPO双头尾纤 | C171: MPO-MPO 25米 | D171: 条 | E171: =SUMIFS(布线计划表!K:K,布线计划表!I:I,B171,布线计划表!J:J,C171,布线计划表!A:A,$E$1) -> 0 | F171: =SUMIFS(布线计划表!K:K,布线计划表!I:I,B171,布线计划表!J:J,C171,布线计划表!A:A,$F$1) -> 0 | G171: =SUM(E171:F171) -> 0 | H171: 545 | I171: =H171*G171 -> 0 | J171: 40G多模MPO模块使用
A172: 170 | B172: MPO双头尾纤 | C172: MPO-MPO 30米 | D172: 条 | E172: =SUMIFS(布线计划表!K:K,布线计划表!I:I,B172,布线计划表!J:J,C172,布线计划表!A:A,$E$1) -> 0 | F172: =SUMIFS(布线计划表!K:K,布线计划表!I:I,B172,布线计划表!J:J,C172,布线计划表!A:A,$F$1) -> 0 | G172: =SUM(E172:F172) -> 0 | H172: 620 | I172: =H172*G172 -> 0 | J172: 40G多模MPO模块使用
A173: 171 | B173: MPO双头尾纤 | C173: MPO-MPO 35米 | D173: 条 | E173: =SUMIFS(布线计划表!K:K,布线计划表!I:I,B173,布线计划表!J:J,C173,布线计划表!A:A,$E$1) -> 0 | F173: =SUMIFS(布线计划表!K:K,布线计划表!I:I,B173,布线计划表!J:J,C173,布线计划表!A:A,$F$1) -> 0 | G173: =SUM(E173:F173) -> 0 | I173: =H173*G173 -> 0 | J173: 40G多模MPO模块使用
A174: 172 | B174: MPO双头尾纤 | C174: MPO-MPO 40米 | D174: 条 | E174: =SUMIFS(布线计划表!K:K,布线计划表!I:I,B174,布线计划表!J:J,C174,布线计划表!A:A,$E$1) -> 0 | F174: =SUMIFS(布线计划表!K:K,布线计划表!I:I,B174,布线计划表!J:J,C174,布线计划表!A:A,$F$1) -> 0 | G174: =SUM(E174:F174) -> 0 | H174: 845 | I174: =H174*G174 -> 0 | J174: 40G多模MPO模块使用
A175: 173 | B175: MPO双头尾纤 | C175: MPO-MPO 45米 | D175: 条 | E175: =SUMIFS(布线计划表!K:K,布线计划表!I:I,B175,布线计划表!J:J,C175,布线计划表!A:A,$E$1) -> 0 | F175: =SUMIFS(布线计划表!K:K,布线计划表!I:I,B175,布线计划表!J:J,C175,布线计划表!A:A,$F$1) -> 0 | G175: =SUM(E175:F175) -> 0 | I175: =H175*G175 -> 0 | J175: 40G多模MPO模块使用
A176: 174 | B176: MPO双头尾纤 | C176: MPO-MPO 50米 | D176: 条 | E176: =SUMIFS(布线计划表!K:K,布线计划表!I:I,B176,布线计划表!J:J,C176,布线计划表!A:A,$E$1) -> 0 | F176: =SUMIFS(布线计划表!K:K,布线计划表!I:I,B176,布线计划表!J:J,C176,布线计划表!A:A,$F$1) -> 0 | G176: =SUM(E176:F176) -> 0 | H176: 1099 | I176: =H176*G176 -> 0 | J176: 40G多模MPO模块使用
A177: 110 | B177: 标签纸 | C177: P50-25-600（50mm*25mm，600片/卷，用作设备二维码标签） | D177: 卷 | E177: 1 | F177: 1 | G177: =SUM(E177:F177) -> 2 | H177: 100 | I177: =H177*G177 -> 200 | J177: 每1台设备用1张
A178: 111 | B178: 标签纸 | C178: QS-03F-150（35*45+50mm，150片/卷，用作机房内尾纤、网线及设备电源线标签） | D178: 卷 | E178: 30 | F178: 1 | G178: =SUM(E178:F178) -> 31 | H178: 100 | I178: =H178*G178 -> 3100 | J178: 每1根尾纤2张标签纸、 每1根网线2张标签纸、 每1根电源线4张标签纸（设备侧1张，电源盘3张）
A179: 112 | B179: 标签纸 | C179: QS-05F-150（35*45+35mm，150片/卷，用作出机房尾纤，可打印二维码） | D179: 卷 | E179: 1 | F179: 1 | G179: =SUM(E179:F179) -> 2 | H179: 100 | I179: =H179*G179 -> 200 | J179: 1条光路4张（ 本机房2张、远端机房2张 ）
A180: 113 | B180: 标签纸 | C180: CT35-150-100（标签尺寸35mm*150mm，100片/卷，用作新增机架,机架电源线） | D180: 卷 | E180: 1 | F180: 1 | G180: =SUM(E180:F180) -> 2 | H180: 150 | I180: =H180*G180 -> 300 | J180: 每1架2张（前后各1张）
A181: 114 | B181: 碳带 | C181: 重庆品胜RP50-5045（907）（产品尺寸50mm*45m，墨层特性树脂基，碳带颜色黑色） | D181: 卷 | E181: 17 | F181: 1 | G181: =SUM(E181:F181) -> 18 | H181: 200 | I181: =H181*G181 -> 3600 | J181: 以上标签每2盒消耗1盒碳带，标签纸损耗率按2%计算
A182: 115 | B182: 尾纤套管 | C182: 直径20mm | D182: 米 | E182: 30 | F182: 5 | G182: =SUM(E182:F182) -> 35 | H182: 1.5 | I182: =H182*G182 -> 52.5
A183: 116 | B183: 尾纤专用包带 | C183: 黄色，宽带4.5cm | D183: 米 | E183: 30 | F183: 5 | G183: =SUM(E183:F183) -> 35 | H183: 2.5 | I183: =H183*G183 -> 87.5
A184: 117 | B184: 线缆专用绑扎带 | C184: 黄色绒面、透明勾面，宽度1cm，薄型，25米/卷 | D184: 卷 | E184: 4 | F184: 1 | G184: =SUM(E184:F184) -> 5 | H184: 4 | I184: =H184*G184 -> 20
A185: 118 | B185: 尼龙扎带 | C185: 5×300 | D185: 袋 | E185: 6 | F185: 1 | G185: =SUM(E185:F185) -> 7 | H185: 45 | I185: =H185*G185 -> 315
A186: 119 | B186: 尼龙扎带 | C186: 5×800 | D186: 袋 | E186: 6 | F186: 1 | G186: =SUM(E186:F186) -> 7 | H186: 80 | I186: =H186*G186 -> 560
A187: 120 | B187: 10GE光模块 | C187: 多模光模块 | D187: 个 | G187: =SUM(E187:F187) -> 0 | H187: 2000 | I187: =H187*G187 -> 0
A188: 121 | B188: GE光模块 | C188: 多模光模块 | D188: 个 | E188: 16 | G188: =SUM(E188:F188) -> 16 | H188: 1000 | I188: =H188*G188 -> 16000
A189: 120 | B189: 10GE光模块 | C189: 单模光模块 | D189: 个 | E189: 6 | F189: 6 | G189: =SUM(E189:F189) -> 12 | H189: 2000 | I189: =H189*G189 -> 24000
A190: 121 | B190: 电模块 | C190: RJ45电模块（电口转光口） | D190: 个 | G190: =SUM(E190:F190) -> 0 | H190: 2000 | I190: =H190*G190 -> 0

Sheet 00设备表
A1: 序号 | B1: 所属区域 | C1: 设备类型 | D1: 设备名称 | E1: 设备型号 | F1: 所属机架编号
A2: 1 | C2: ODF | D2: ODF（柳东方向） | E2: ODF | F2: HW109-01
A3: 2 | B3: 政务外网区 | C3: 安全设备 | D3: 政务外网区出口防火墙-1 | E3: 华为1000E-F55 | F3: HW105-01
A4: 3 | B4: 政务外网区 | C4: 网络设备 | D4: 政务外网区安全交换机-1 | E4: 华为CE6881H | F4: HW105-01
A5: 3 | B5: 政务外网区 | C5: 网络设备 | D5: 政务外网区安全池交换机-1 | E5: 华为CE6881H | F5: HW105-01
A6: 4 | B6: 政务外网区 | C6: 服务器 | D6: 政务外网区安全节点-1 | E6: 烽火R220K V2 | F6: HW105-01
A7: 5 | B7: 政务外网区 | C7: 安全设备 | D7: 政务外网区流量探针-1 | E7: 绿盟UTSNX3-HHB | F7: HW105-01
A8: 6 | B8: 政务外网区 | C8: 服务器 | D8: 政务外网区租户安全-5 | E8: 中兴R5930 G2 | F8: HW105-01
A9: 7 | B9: 政务外网区 | C9: 服务器 | D9: 政务外网区租户安全-3 | E9: 中兴R5930 G2 | F9: HW105-01
A10: 8 | B10: 政务外网区 | C10: 服务器 | D10: 政务外网区租户安全-1 | E10: 中兴R5930 G2 | F10: HW105-01
A11: 9 | B11: 政务外网区 | C11: 网络设备 | D11: 政务外网区核心交换机-1 | E11: 华为CE8865-4C | F11: HW105-01
A12: 10 | B12: 政务外网区 | C12: 安全设备 | D12: 政务外网区出口防火墙-2 | E12: 华为1000E-F55 | F12: HW105-02
A13: 11 | B13: 政务外网区 | C13: 网络设备 | D13: 政务外网区安全交换机-2 | E13: 华为CE6881H | F13: HW105-02
A14: 12 | B14: 政务外网区 | C14: 网络设备 | D14: 政务外网区安全池交换机-2 | E14: 华为CE6881H | F14: HW105-02
... A58: 53 | B58: 政务外网区 | C58: 服务器 | D58: 政务外网区裸金属网关-1 | E58: 烽火R220K V2 | F58: HW106-02
B59: 政务外网区 | C59: 服务器 | D59: 政务外网区裸金属节点-1 | E59: 烽火G440K V2 | F59: HW106-02
A60: 54 | B60: 政务外网区 | C60: 网络设备 | D60: 政务外网区裸金属交换机-2 | E60: 华为CE6881H | F60: HW106-03
A61: 55 | B61: 政务外网区 | C61: 服务器 | D61: 政务外网区裸金属网关-2 | E61: 烽火R220K V2 | F61: HW106-03
A62: 56 | B62: 政务外网区 | C62: 服务器 | D62: 政务外网区裸金属节点-2 | E62: 烽火G440K V2 | F62: HW106-03
A63: 57 | B63: 政务外网区 | C63: 网络设备 | D63: 政务外网区万兆存储交换机-1 | E63: 华为CE6881H | F63: HW106-04
A64: 58 | B64: 政务外网区 | C64: 网络设备 | D64: 政务外网区千兆BMC交换机-3 | E64: 华为5855 | F64: HW106-04
A65: 59 | B65: 政务外网区 | C65: 存储设备 | D65: 政务外网区普通块存储-4 | E65: 华为9520 | F65: HW106-04
A66: 60 | B66: 政务外网区 | C66: 存储设备 | D66: 政务外网区普通块存储-3 | E66: 华为9520 | F66: HW106-04
A67: 61 | B67: 政务外网区 | C67: 存储设备 | D67: 政务外网区普通块存储-2 | E67: 华为9520 | F67: HW106-04
A68: 62 | B68: 政务外网区 | C68: 存储设备 | D68: 政务外网区普通块存储-1 | E68: 华为9520 | F68: HW106-04
A69: 63 | B69: 政务外网区 | C69: 网络设备 | D69: 政务外网区万兆存储交换机-2 | E69: 华为CE6881H | F69: HW106-06
A70: 64 | B70: 政务外网区 | C70: 服务器 | D70: 政务外网区本地备份节点-1 | E70: 中兴R5530 G2 | F70: HW106-06
A71: 65 | B71: 政务外网区 | C71: 存储设备 | D71: 政务外网区SSD块存储-1 | E71: 华为5500 | F71: HW106-06
... A149: 143 | B149: 管理网 | C149: 安全设备 | D149: 管理区防火墙-1 | E149: 华为1000E-F125 | F149: HW108-07
B150: 管理网 | C150: 安全设备 | D150: 管理区SSL VPN-1 | E150: 信安G1300 | F150: HW108-07
A151: 144 | B151: 管理网 | C151: 安全设备 | D151: 政务外网区密码机-1 | E151: 信安SJJ186 | F151: HW108-07
A152: 145 | B152: 管理网 | C152: 安全设备 | D152: 政务外网区密码机-2 | E152: 信安SJJ186 | F152: HW108-07
A153: 147 | B153: 管理网 | C153: 服务器 | D153: 运维区态势感知-3 | E153: 中兴R5930 G2 | F153: HW108-07
A154: 148 | B154: 管理网 | C154: 服务器 | D154: 运维区态势感知-1 | E154: 中兴R5930 G2 | F154: HW108-07
A155: 149 | B155: 管理网 | C155: 网络设备 | D155: 管理区核心交换机-1 | E155: 华为CE16804 | F155: HW108-07
B156: 管理网 | C156: 安全设备 | D156: 网闸-1 | E156: 天融信TopRules(FT-A10) | F156: HW108-07
B157: 互联网区 | C157: 安全设备 | D157: 互联网区流量探针-1 | E157: 天融信TopAPT3000 | F157: HW108-07
A158: 150 | B158: 管理区 | C158: 网络设备 | D158: 运维区万兆管理交换机-2 | E158: 华为CE6881H | F158: HW108-09
A159: 151 | B159: 管理网 | C159: 安全设备 | D159: 管理区防火墙-2 | E159: 华为1000E-F125 | F159: HW108-09
A160: 152 | B160: 管理网 | C160: 安全设备 | D160: 管理区SSL VPN-2 | E160: 信安G1300 | F160: HW108-09
B161: 管理网 | C161: 安全设备 | D161: 互联网区密码机-1 | E161: 信安SJJ186 | F161: HW108-09
B162: 管理网 | C162: 安全设备 | D162: 互联网区密码机-2 | E162: 信安SJJ186 | F162: HW108-09
B163: 管理网 | C163: 服务器 | D163: 运维区态势感知-4 | E163: 中兴R5930 G2 | F163: HW108-09
B164: 管理网 | C164: 服务器 | D164: 运维区态势感知-2 | E164: 中兴R5930 G2 | F164: HW108-09
B165: 管理网 | C165: 网络设备 | D165: 管理区核心交换机-2 | E165: 华为CE16804 | F165: HW108-09
B166: 管理网 | C166: 安全设备 | D166: 网闸-2 | E166: 天融信TopRules(FT-A10) | F166: HW108-09
B167: 互联网区 | C167: 安全设备 | D167: 互联网区流量探针-2 | E167: 天融信TopAPT3000 | F167: HW108-09
A168: 153 | B168: 异地备份中心 | C168: 安全设备 | D168: 政务外网区异地防火墙-1 | E168: 华为1000E-F55 | F168: 01-15
A169: 154 | B169: 异地备份中心 | C169: 服务器 | D169: 政务外网区异地存储服务器-1 | E169: 中兴R5530 G2 | F169: 01-15
A170: 155 | B170: 异地备份中心 | C170: 安全设备 | D170: 互联网区异地防火墙-1 | E170: 华为1000E-F55 | F170: 01-15
A171: 156 | B171: 异地备份中心 | C171: 服务器 | D171: 互联网区异地存储服务器-1 | E171: 中兴R5530 G2 | F171: 01-15
B172: 异地备份中心 | C172: ODF | D172: ODF（崇左方向） | E172: ODF | F172: YHXXX-00X
B173: 互联网区 | C173: 安全设备 | D173: 互联网区分光器-1 | E173: 华为OOSSMRC00 | F173: HW107-02
B174: 互联网区 | C174: 安全设备 | D174: 互联网区分光器-2 | E174: 华为OOSSMRC00 | F174: HW107-03
C175: ODF | D175: ODF（移动方向） | E175: ODF | F175: HW109-01

Sheet 01核心交换机(6台)
A1: =VLOOKUP(B1,'00设备表'!$D:$F,3,0) -> HW105-01 | B1: ='00设备表'!D11 -> 政务外网区核心交换机-1 | C1: =VLOOKUP(B1,'00设备表'!$D:$F,2,0) -> 华为CE8865-4C | K1: =VLOOKUP(L1,'00设备表'!$D:$F,3,0) -> HW105-02 | L1: ='00设备表'!D20 -> 政务外网区核心交换机-2 | M1: =VLOOKUP(L1,'00设备表'!$D:$F,2,0) -> 华为CE8865-4C | V1: =VLOOKUP(W1,'00设备表'!$D:$F,3,0) -> HW107-02 | W1: ='00设备表'!D80 -> 互联网区核心交换机-1 | X1: =VLOOKUP(W1,'00设备表'!$D:$F,2,0) -> 华为CE8865-4C | AF1: =VLOOKUP(AG1,'00设备表'!$D:$F,3,0) -> HW107-03 | AG1: ='00设备表'!D90 -> 互联网区核心交换机-2 | AH1: =VLOOKUP(AG1,'00设备表'!$D:$F,2,0) -> 华为CE8865-4C
A2: 槽位号 | B2: 板卡类型 | C2: 端口号 | D2: 接口模式 | E2: 对端设备 机柜号 | F2: 对端设备名称 | G2: 对端设备型号 | H2: 对端设备端口号 | I2: 备注 | K2: 槽位号 | L2: 板卡类型 | M2: 端口号 | N2: 接口模式 | O2: 对端设备 机柜号 | P2: 对端设备名称 | Q2: 对端设备型号 | R2: 对端设备端口号 | S2: 备注 | V2: 槽位号 | W2: 板卡类型 | X2: 端口号 | Y2: 接口模式 | Z2: 对端设备 机柜号 | AA2: 对端设备名称 | AB2: 对端设备型号 | AC2: 对端设备端口号 | AD2: 备注 | AF2: 槽位号 | AG2: 板卡类型 | AH2: 端口号 | AI2: 接口模式 | AJ2: 对端设备 机柜号 | AK2: 对端设备名称 | AL2: 对端设备型号 | AM2: 对端设备端口号 | AN2: 备注
A3: 内置主控板 | B3: 主控板 | C3: console口 | D3: 电口 | K3: 10 | L3: 主控板2 | M3: console口 | N3: 电口 | V3: 10 | W3: 主控板2 | X3: console口 | Y3: 电口 | AF3: 10 | AG3: 主控板2 | AH3: console口 | AI3: 电口
B4: 主控板2 | C4: 管理口 | D4: 电口 | E4: =VLOOKUP(F4,'00设备表'!$D:$F,3,0) -> HW105-02 | F4: 政务外网区千兆BMC交换机-1 | G4: =VLOOKUP(F4,'00设备表'!$D:$F,2,0) -> 华为5855 | H4: 0/9 | L4: 主控板2 | M4: 管理口 | N4: 电口 | O4: =VLOOKUP(P4,'00设备表'!$D:$F,3,0) -> HW105-02 | P4: 政务外网区千兆BMC交换机-1 | Q4: =VLOOKUP(P4,'00设备表'!$D:$F,2,0) -> 华为5855 | R4: 0/10 | W4: 主控板2 | X4: 管理口 | Y4: 电口 | Z4: =VLOOKUP(AA4,'00设备表'!$D:$F,3,0) -> HW107-03 | AA4: 互联网区千兆BMC交换机-1 | AB4: =VLOOKUP(AA4,'00设备表'!$D:$F,2,0) -> 华为5855 | AC4: 0/5 | AG4: 主控板2 | AH4: 管理口 | AI4: 电口 | AJ4: =VLOOKUP(AK4,'00设备表'!$D:$F,3,0) -> HW107-03 | AK4: 互联网区千兆BMC交换机-1 | AL4: =VLOOKUP(AK4,'00设备表'!$D:$F,2,0) -> 华为5855 | AM4: 0/6
A5: 1 | B5: 16端口40GE以太网光接口板(FD-G,SFP+) | C5: 1 | D5: 40GE多模/LC | E5: =VLOOKUP(F5,'00设备表'!$D:$F,3,0) -> HW105-06 | F5: 政务外网区万兆业务交换机-1 | G5: =VLOOKUP(F5,'00设备表'!$D:$F,2,0) -> 华为CE6881H | H5: 0/49 | K5: 1 | L5: 16端口40GE以太网光接口板(FD-G,SFP+) | M5: 1 | N5: 40GE多模/LC | O5: =VLOOKUP(P5,'00设备表'!$D:$F,3,0) -> HW105-06 | P5: 政务外网区万兆业务交换机-1 | Q5: =VLOOKUP(P5,'00设备表'!$D:$F,2,0) -> 华为CE6881H | R5: 0/50 | V5: 1 | W5: 16端口40GE以太网光接口板(FD-G,SFP+) | X5: 1 | Y5: 40GE多模/LC | Z5: =VLOOKUP(AA5,'00设备表'!$D:$F,3,0) -> HW107-07 | AA5: 互联网区万兆业务交换机-1 | AB5: =VLOOKUP(AA5,'00设备表'!$D:$F,2,0) -> 华为CE6881H | AC5: 0/49 | AF5: 1 | AG5: 16端口40GE以太网光接口板(FD-G,SFP+) | AH5: 1 | AI5: 40GE多模/LC | AJ5: =VLOOKUP(AK5,'00设备表'!$D:$F,3,0) -> HW107-07 | AK5: 互联网区万兆业务交换机-1 | AL5: =VLOOKUP(AK5,'00设备表'!$D:$F,2,0) -> 华为CE6881H | AM5: 0/50
C6: 2 | D6: 40GE多模/LC | E6: =VLOOKUP(F6,'00设备表'!$D:$F,3,0) -> HW105-08 | F6: 政务外网区万兆业务交换机-2 | G6: =VLOOKUP(F6,'00设备表'!$D:$F,2,0) -> 华为CE6881H | H6: 0/49 | M6: 2 | N6: 40GE多模/LC | O6: =VLOOKUP(P6,'00设备表'!$D:$F,3,0) -> HW105-08 | P6: 政务外网区万兆业务交换机-2 | Q6: =VLOOKUP(P6,'00设备表'!$D:$F,2,0) -> 华为CE6881H | R6: 0/50 | X6: 2 | Y6: 40GE多模/LC | Z6: =VLOOKUP(AA6,'00设备表'!$D:$F,3,0) -> HW107-08 | AA6: 互联网区万兆业务交换机-2 | AB6: =VLOOKUP(AA6,'00设备表'!$D:$F,2,0) -> 华为CE6881H | AC6: 0/49 | AH6: 2 | AI6: 40GE多模/LC | AJ6: =VLOOKUP(AK6,'00设备表'!$D:$F,3,0) -> HW107-08 | AK6: 互联网区万兆业务交换机-2 | AL6: =VLOOKUP(AK6,'00设备表'!$D:$F,2,0) -> 华为CE6881H | AM6: 0/50
C7: 3 | D7: 40GE多模/LC | E7: =VLOOKUP(F7,'00设备表'!$D:$F,3,0) -> HW106-04 | F7: 政务外网区万兆存储交换机-1 | G7: =VLOOKUP(F7,'00设备表'!$D:$F,2,0) -> 华为CE6881H | H7: 0/49 | M7: 3 | N7: 40GE多模/LC | O7: =VLOOKUP(P7,'00设备表'!$D:$F,3,0) -> HW106-04 | P7: 政务外网区万兆存储交换机-1 | Q7: =VLOOKUP(P7,'00设备表'!$D:$F,2,0) -> 华为CE6881H | R7: 0/50 | X7: 3 | Y7: 40GE多模/LC | Z7: =VLOOKUP(AA7,'00设备表'!$D:$F,3,0) -> HW108-01 | AA7: 互联网区万兆存储交换机-1 | AB7: =VLOOKUP(AA7,'00设备表'!$D:$F,2,0) -> 华为CE6881H | AC7: 0/49 | AH7: 3 | AI7: 40GE多模/LC | AJ7: =VLOOKUP(AK7,'00设备表'!$D:$F,3,0) -> HW108-01 | AK7: 互联网区万兆存储交换机-1 | AL7: =VLOOKUP(AK7,'00设备表'!$D:$F,2,0) -> 华为CE6881H | AM7: 0/50
C8: 4 | D8: 40GE多模/LC | E8: =VLOOKUP(F8,'00设备表'!$D:$F,3,0) -> HW106-06 | F8: 政务外网区万兆存储交换机-2 | G8: =VLOOKUP(F8,'00设备表'!$D:$F,2,0) -> 华为CE6881H | H8: 0/49 | M8: 4 | N8: 40GE多模/LC | O8: =VLOOKUP(P8,'00设备表'!$D:$F,3,0) -> HW106-06 | P8: 政务外网区万兆存储交换机-2 | Q8: =VLOOKUP(P8,'00设备表'!$D:$F,2,0) -> 华为CE6881H | R8: 0/50 | X8: 4 | Y8: 40GE多模/LC | Z8: =VLOOKUP(AA8,'00设备表'!$D:$F,3,0) -> HW108-03 | AA8: 互联网区万兆存储交换机-2 | AB8: =VLOOKUP(AA8,'00设备表'!$D:$F,2,0) -> 华为CE6881H | AC8: 0/49 | AH8: 4 | AI8: 40GE多模/LC | AJ8: =VLOOKUP(AK8,'00设备表'!$D:$F,3,0) -> HW108-03 | AK8: 互联网区万兆存储交换机-2 | AL8: =VLOOKUP(AK8,'00设备表'!$D:$F,2,0) -> 华为CE6881H | AM8: 0/50
C9: 5 | D9: 40GE多模/LC | E9: =VLOOKUP(F9,'00设备表'!$D:$F,3,0) -> HW106-02 | F9: 政务外网区裸金属交换机-1 | G9: =VLOOKUP(F9,'00设备表'!$D:$F,2,0) -> 华为CE6881H | H9: 0/49 | M9: 5 | N9: 40GE多模/LC | O9: =VLOOKUP(P9,'00设备表'!$D:$F,3,0) -> HW106-02 | P9: 政务外网区裸金属交换机-1 | Q9: =VLOOKUP(P9,'00设备表'!$D:$F,2,0) -> 华为CE6881H | R9: 0/50 | X9: 5 | Y9: 40GE多模/LC | Z9: =VLOOKUP(AA9,'00设备表'!$D:$F,3,0) -> HW108-01 | AA9: 互联网区万兆对象存储交换机-1 | AB9: =VLOOKUP(AA9,'00设备表'!$D:$F,2,0) -> 华为CE6881H | AC9: 0/49 | AH9: 5 | AI9: 40GE多模/LC | AJ9: =VLOOKUP(AK9,'00设备表'!$D:$F,3,0) -> HW108-01 | AK9: 互联网区万兆对象存储交换机-1 | AL9: =VLOOKUP(AK9,'00设备表'!$D:$F,2,0) -> 华为CE6881H | AM9: 0/50
C10: 6 | D10: 40GE多模/LC | E10: =VLOOKUP(F10,'00设备表'!$D:$F,3,0) -> HW106-03 | F10: 政务外网区裸金属交换机-2 | G10: =VLOOKUP(F10,'00设备表'!$D:$F,2,0) -> 华为CE6881H | H10: 0/49 | M10: 6 | N10: 40GE多模/LC | O10: =VLOOKUP(P10,'00设备表'!$D:$F,3,0) -> HW106-03 | P10: 政务外网区裸金属交换机-2 | Q10: =VLOOKUP(P10,'00设备表'!$D:$F,2,0) -> 华为CE6881H | R10: 0/50 | X10: 6 | Y10: 40GE多模/LC | Z10: =VLOOKUP(AA10,'00设备表'!$D:$F,3,0) -> HW108-03 | AA10: 互联网区万兆对象存储交换机-2 | AB10: =VLOOKUP(AA10,'00设备表'!$D:$F,2,0) -> 华为CE6881H | AC10: 0/49 | AH10: 6 | AI10: 40GE多模/LC | AJ10: =VLOOKUP(AK10,'00设备表'!$D:$F,3,0) -> HW108-03 | AK10: 互联网区万兆对象存储交换机-2 | AL10: =VLOOKUP(AK10,'00设备表'!$D:$F,2,0) -> 华为CE6881H | AM10: 0/50
C11: 7 | D11: 40GE多模/LC | E11: =VLOOKUP(F11,'00设备表'!$D:$F,3,0) -> HW105-01 | F11: 政务外网区安全交换机-1 | G11: =VLOOKUP(F11,'00设备表'!$D:$F,2,0) -> 华为CE6881H | H11: 0/49 | M11: 7 | N11: 40GE多模/LC | O11: =VLOOKUP(P11,'00设备表'!$D:$F,3,0) -> HW105-01 | P11: 政务外网区安全交换机-1 | Q11: =VLOOKUP(P11,'00设备表'!$D:$F,2,0) -> 华为CE6881H | R11: 0/50 | X11: 7 | Y11: 40GE多模/LC | Z11: =VLOOKUP(AA11,'00设备表'!$D:$F,3,0) -> HW108-01 | AA11: 互联网区安全交换机-1 | AB11: =VLOOKUP(AA11,'00设备表'!$D:$F,2,0) -> 华为CE6881H | AC11: 0/49 | AH11: 7 | AI11: 40GE多模/LC | AJ11: =VLOOKUP(AK11,'00设备表'!$D:$F,3,0) -> HW108-01 | AK11: 互联网区安全交换机-1 | AL11: =VLOOKUP(AK11,'00设备表'!$D:$F,2,0) -> 华为CE6881H | AM11: 0/50
C12: 8 | D12: 40GE多模/LC | E12: =VLOOKUP(F12,'00设备表'!$D:$F,3,0) -> HW105-02 | F12: 政务外网区安全交换机-2 | G12: =VLOOKUP(F12,'00设备表'!$D:$F,2,0) -> 华为CE6881H | H12: 0/49 | M12: 8 | N12: 40GE多模/LC | O12: =VLOOKUP(P12,'00设备表'!$D:$F,3,0) -> HW105-02 | P12: 政务外网区安全交换机-2 | Q12: =VLOOKUP(P12,'00设备表'!$D:$F,2,0) -> 华为CE6881H | R12: 0/50 | X12: 8 | Y12: 40GE多模/LC | Z12: =VLOOKUP(AA12,'00设备表'!$D:$F,3,0) -> HW108-03 | AA12: 互联网区安全交换机-2 | AB12: =VLOOKUP(AA12,'00设备表'!$D:$F,2,0) -> 华为CE6881H | AC12: 0/49 | AH12: 8 | AI12: 40GE多模/LC | AJ12: =VLOOKUP(AK12,'00设备表'!$D:$F,3,0) -> HW108-03 | AK12: 互联网区安全交换机-2 | AL12: =VLOOKUP(AK12,'00设备表'!$D:$F,2,0) -> 华为CE6881H | AM12: 0/50
C13: 9 | D13: 40GE多模/LC | E13: =VLOOKUP(F13,'00设备表'!$D:$F,3,0) -> HW105-01 | F13: 政务外网区安全池交换机-1 | G13: =VLOOKUP(F13,'00设备表'!$D:$F,2,0) -> 华为CE6881H | H13: 0/49 | M13: 9 | N13: 40GE多模/LC | O13: =VLOOKUP(P13,'00设备表'!$D:$F,3,0) -> HW105-01 | P13: 政务外网区安全池交换机-1 | Q13: =VLOOKUP(P13,'00设备表'!$D:$F,2,0) -> 华为CE6881H | R13: 0/50 | X13: 9 | Y13: 40GE多模/LC | Z13: =VLOOKUP(AA13,'00设备表'!$D:$F,3,0) -> HW107-02 | AA13: 互联网区安全池交换机-1 | AB13: =VLOOKUP(AA13,'00设备表'!$D:$F,2,0) -> 华为CE6881H | AC13: 0/49 | AH13: 9 | AI13: 40GE多模/LC | AJ13: =VLOOKUP(AK13,'00设备表'!$D:$F,3,0) -> HW107-02 | AK13: 互联网区安全池交换机-1 | AL13: =VLOOKUP(AK13,'00设备表'!$D:$F,2,0) -> 华为CE6881H | AM13: 0/50
C14: 10 | D14: 40GE多模/LC | E14: =VLOOKUP(F14,'00设备表'!$D:$F,3,0) -> HW105-02 | F14: 政务外网区安全池交换机-2 | G14: =VLOOKUP(F14,'00设备表'!$D:$F,2,0) -> 华为CE6881H | H14: 0/49 | M14: 10 | N14: 40GE多模/LC | O14: =VLOOKUP(P14,'00设备表'!$D:$F,3,0) -> HW105-02 | P14: 政务外网区安全池交换机-2 | Q14: =VLOOKUP(P14,'00设备表'!$D:$F,2,0) -> 华为CE6881H | R14: 0/50 | X14: 10 | Y14: 40GE多模/LC | Z14: =VLOOKUP(AA14,'00设备表'!$D:$F,3,0) -> HW107-03 | AA14: 互联网区安全池交换机-2 | AB14: =VLOOKUP(AA14,'00设备表'!$D:$F,2,0) -> 华为CE6881H | AC14: 0/49 | AH14: 10 | AI14: 40GE多模/LC | AJ14: =VLOOKUP(AK14,'00设备表'!$D:$F,3,0) -> HW107-03 | AK14: 互联网区安全池交换机-2 | AL14: =VLOOKUP(AK14,'00设备表'!$D:$F,2,0) -> 华为CE6881H | AM14: 0/50
C15: 11 | D15: 40GE多模/LC | E15: =VLOOKUP(F15,'00设备表'!$D:$F,3,0) -> HW105-04 | F15: 政务外网区专线交换机-1 | G15: =VLOOKUP(F15,'00设备表'!$D:$F,2,0) -> 华为CE6881H | H15: 0/49 | M15: 11 | N15: 40GE多模/LC | O15: =VLOOKUP(P15,'00设备表'!$D:$F,3,0) -> HW105-04 | P15: 政务外网区专线交换机-1 | Q15: =VLOOKUP(P15,'00设备表'!$D:$F,2,0) -> 华为CE6881H | R15: 0/50 | X15: 11 | Y15: 40GE多模/LC | Z15: =VLOOKUP(AA15,'00设备表'!$D:$F,3,0) -> HW107-07 | AA15: 互联网区专线交换机-1 | AB15: =VLOOKUP(AA15,'00设备表'!$D:$F,2,0) -> 华为CE6881H | AC15: 0/49 | AH15: 11 | AI15: 40GE多模/LC | AJ15: =VLOOKUP(AK15,'00设备表'!$D:$F,3,0) -> HW107-07 | AK15: 互联网区专线交换机-1 | AL15: =VLOOKUP(AK15,'00设备表'!$D:$F,2,0) -> 华为CE6881H | AM15: 0/50
C16: 12 | D16: 40GE多模/LC | E16: =VLOOKUP(F16,'00设备表'!$D:$F,3,0) -> HW105-05 | F16: 政务外网区专线交换机-2 | G16: =VLOOKUP(F16,'00设备表'!$D:$F,2,0) -> 华为CE6881H | H16: 0/49 | M16: 12 | N16: 40GE多模/LC | O16: =VLOOKUP(P16,'00设备表'!$D:$F,3,0) -> HW105-05 | P16: 政务外网区专线交换机-2 | Q16: =VLOOKUP(P16,'00设备表'!$D:$F,2,0) -> 华为CE6881H | R16: 0/50 | X16: 12 | Y16: 40GE多模/LC | Z16: =VLOOKUP(AA16,'00设备表'!$D:$F,3,0) -> HW107-08 | AA16: 互联网区专线交换机-2 | AB16: =VLOOKUP(AA16,'00设备表'!$D:$F,2,0) -> 华为CE6881H | AC16: 0/49 | AH16: 12 | AI16: 40GE多模/LC | AJ16: =VLOOKUP(AK16,'00设备表'!$D:$F,3,0) -> HW107-08 | AK16: 互联网区专线交换机-2 | AL16: =VLOOKUP(AK16,'00设备表'!$D:$F,2,0) -> 华为CE6881H | AM16: 0/50
C17: 13 | D17: 40GE多模/LC | M17: 13 | N17: 40GE多模/LC | X17: 13 | Y17: 40GE多模/LC | AH17: 13 | AI17: 40GE多模/LC
C18: 14 | D18: 40GE多模/LC | M18: 14 | N18: 40GE多模/LC | X18: 14 | Y18: 40GE多模/LC | AH18: 14 | AI18: 40GE多模/LC
C19: 15 | D19: 40GE多模/LC | M19: 15 | N19: 40GE多模/LC | X19: 15 | Y19: 40GE多模/LC | Z19: =VLOOKUP(AA19,'00设备表'!$D:$F,3,0) -> HW107-03 | AA19: 互联网区核心交换机-2 | AB19: =VLOOKUP(AA19,'00设备表'!$D:$F,2,0) -> 华为CE8865-4C | AC19: 1/15 | AD19: 互联链路 | AH19: 15 | AI19: 40GE多模/LC | AJ19: =VLOOKUP(AK19,'00设备表'!$D:$F,3,0) -> HW107-02 | AK19: 互联网区核心交换机-1 | AL19: =VLOOKUP(AK19,'00设备表'!$D:$F,2,0) -> 华为CE8865-4C | AM19: 1/15 | AN19: 互联链路
C20: 16 | D20: 40GE多模/LC | E20: =VLOOKUP(F20,'00设备表'!$D:$F,3,0) -> HW105-02 | F20: 政务外网区核心交换机-2 | G20: =VLOOKUP(F20,'00设备表'!$D:$F,2,0) -> 华为CE8865-4C | H20: 1/16 | I20: 互联链路 | M20: 16 | N20: 40GE多模/LC | O20: =VLOOKUP(P20,'00设备表'!$D:$F,3,0) -> HW105-01 | P20: 政务外网区核心交换机-1 | Q20: =VLOOKUP(P20,'00设备表'!$D:$F,2,0) -> 华为CE8865-4C | R20: 1/16 | S20: 互联链路 | X20: 16 | Y20: 40GE多模/LC | Z20: =VLOOKUP(AA20,'00设备表'!$D:$F,3,0) -> HW107-03 | AA20: 互联网区核心交换机-2 | AB20: =VLOOKUP(AA20,'00设备表'!$D:$F,2,0) -> 华为CE8865-4C | AC20: 1/16 | AD20: 互联链路 | AH20: 16 | AI20: 40GE多模/LC | AJ20: =VLOOKUP(AK20,'00设备表'!$D:$F,3,0) -> HW107-02 | AK20: 互联网区核心交换机-1 | AL20: =VLOOKUP(AK20,'00设备表'!$D:$F,2,0) -> 华为CE8865-4C | AM20: 1/16 | AN20: 互联链路
A21: 2 | B21: 16端口40GE以太网光接口板(FD-G,SFP+) | C21: 1 | D21: 40GE多模/LC | K21: 2 | L21: 16端口40GE以太网光接口板(FD-G,SFP+) | M21: 1 | N21: 40GE多模/LC | V21: 2 | W21: 24端口10GE以太网光接口板（(FD-G,QSFP+) | X21: 1 | Y21: 10GE多模/LC | Z21: =VLOOKUP(AA21,'00设备表'!$D:$F,3,0) -> HW108-07 | AA21: 管理区防火墙-1 | AB21: =VLOOKUP(AA21,'00设备表'!$D:$F,2,0) -> 华为1000E-F125 | AC21: 1/5 | AF21: 2 | AG21: 24端口10GE以太网光接口板（(FD-G,QSFP+) | AH21: 1 | AI21: 10GE多模/LC | AJ21: =VLOOKUP(AK21,'00设备表'!$D:$F,3,0) -> HW108-07 | AK21: 管理区防火墙-1 | AL21: =VLOOKUP(AK21,'00设备表'!$D:$F,2,0) -> 华为1000E-F125 | AM21: 1/7
C22: 2 | D22: 40GE多模/LC | M22: 2 | N22: 40GE多模/LC | X22: 2 | Y22: 10GE多模/LC | Z22: =VLOOKUP(AA22,'00设备表'!$D:$F,3,0) -> HW108-07 | AA22: 管理区防火墙-1 | AB22: =VLOOKUP(AA22,'00设备表'!$D:$F,2,0) -> 华为1000E-F125 | AC22: 1/6 | AH22: 2 | AI22: 10GE多模/LC | AJ22: =VLOOKUP(AK22,'00设备表'!$D:$F,3,0) -> HW108-07 | AK22: 管理区防火墙-1 | AL22: =VLOOKUP(AK22,'00设备表'!$D:$F,2,0) -> 华为1000E-F125 | AM22: 1/7
C23: 3 | D23: 40GE多模/LC | M23: 3 | N23: 40GE多模/LC | X23: 3 | Y23: 10GE多模/LC | Z23: =VLOOKUP(AA23,'00设备表'!$D:$F,3,0) -> HW108-09 | AA23: 管理区防火墙-2 | AB23: =VLOOKUP(AA23,'00设备表'!$D:$F,2,0) -> 华为1000E-F125 | AC23: 1/5 | AH23: 3 | AI23: 10GE多模/LC | AJ23: =VLOOKUP(AK23,'00设备表'!$D:$F,3,0) -> HW108-09 | AK23: 管理区防火墙-2 | AL23: =VLOOKUP(AK23,'00设备表'!$D:$F,2,0) -> 华为1000E-F125 | AM23: 1/8
C24: 4 | D24: 40GE多模/LC | M24: 4 | N24: 40GE多模/LC | X24: 4 | Y24: 10GE多模/LC | Z24: =VLOOKUP(AA24,'00设备表'!$D:$F,3,0) -> HW108-09 | AA24: 管理区防火墙-2 | AB24: =VLOOKUP(AA24,'00设备表'!$D:$F,2,0) -> 华为1000E-F125 | AC24: 1/6 | AH24: 4 | AI24: 10GE多模/LC | AJ24: =VLOOKUP(AK24,'00设备表'!$D:$F,3,0) -> HW108-09 | AK24: 管理区防火墙-2 | AL24: =VLOOKUP(AK24,'00设备表'!$D:$F,2,0) -> 华为1000E-F125 | AM24: 1/8
C25: 5 | D25: 40GE多模/LC | M25: 5 | N25: 40GE多模/LC | X25: 5 | Y25: 10GE多模/LC | Z25: =VLOOKUP(AA25,'00设备表'!$D:$F,3,0) -> HW107-02 | AA25: 互联网区出口防火墙-1 | AB25: =VLOOKUP(AA25,'00设备表'!$D:$F,2,0) -> 华为1000E-F55 | AC25: 2/4 | AH25: 5 | AI25: 10GE多模/LC | AJ25: =VLOOKUP(AK25,'00设备表'!$D:$F,3,0) -> HW107-02 | AK25: 互联网区出口防火墙-1 | AL25: =VLOOKUP(AK25,'00设备表'!$D:$F,2,0) -> 华为1000E-F55 | AM25: 2/5
C26: 6 | D26: 40GE多模/LC | M26: 6 | N26: 40GE多模/LC | X26: 6 | Y26: 10GE多模/LC | Z26: =VLOOKUP(AA26,'00设备表'!$D:$F,3,0) -> HW107-03 | AA26: 互联网区出口防火墙-2 | AB26: =VLOOKUP(AA26,'00设备表'!$D:$F,2,0) -> 华为1000E-F55 | AC26: 2/4 | AH26: 6 | AI26: 10GE多模/LC | AJ26: =VLOOKUP(AK26,'00设备表'!$D:$F,3,0) -> HW107-03 | AK26: 互联网区出口防火墙-2 | AL26: =VLOOKUP(AK26,'00设备表'!$D:$F,2,0) -> 华为1000E-F55 | AM26: 2/5
C27: 7 | D27: 40GE多模/LC | M27: 7 | N27: 40GE多模/LC | X27: 7 | Y27: 10GE多模/LC | Z27: =VLOOKUP(AA27,'00设备表'!$D:$F,3,0) -> HW108-07 | AA27: 互联网区流量探针-1 | AB27: =VLOOKUP(AA27,'00设备表'!$D:$F,2,0) -> 天融信TopAPT3000 | AC27: 2/1 | AH27: 7 | AI27: 10GE多模/LC | AJ27: =VLOOKUP(AK27,'00设备表'!$D:$F,3,0) -> HW108-07 | AK27: 互联网区流量探针-1 | AL27: =VLOOKUP(AK27,'00设备表'!$D:$F,2,0) -> 天融信TopAPT3000 | AM27: 2/2
C28: 8 | D28: 40GE多模/LC | M28: 8 | N28: 40GE多模/LC | X28: 8 | Y28: 10GE多模/LC | Z28: =VLOOKUP(AA28,'00设备表'!$D:$F,3,0) -> HW108-09 | AA28: 互联网区流量探针-2 | AB28: =VLOOKUP(AA28,'00设备表'!$D:$F,2,0) -> 天融信TopAPT3000 | AC28: 2/1 | AH28: 8 | AI28: 10GE多模/LC | AJ28: =VLOOKUP(AK28,'00设备表'!$D:$F,3,0) -> HW108-09 | AK28: 互联网区流量探针-2 | AL28: =VLOOKUP(AK28,'00设备表'!$D:$F,2,0) -> 天融信TopAPT3000 | AM28: 2/2
C29: 9 | D29: 40GE多模/LC | M29: 9 | N29: 40GE多模/LC | X29: 9 | Y29: 10GE多模/LC | Z29: =VLOOKUP(AA29,'00设备表'!$D:$F,3,0) -> HW108-07 | AA29: 网闸-1 | AB29: =VLOOKUP(AA29,'00设备表'!$D:$F,2,0) -> 天融信TopRules(FT-A10) | AC29: 外网3/10GE-1 | AH29: 9 | AI29: 10GE多模/LC | AJ29: =VLOOKUP(AK29,'00设备表'!$D:$F,3,0) -> HW108-09 | AK29: 网闸-2 | AL29: =VLOOKUP(AK29,'00设备表'!$D:$F,2,0) -> 天融信TopRules(FT-A10) | AM29: 外网3/10GE-1
C30: 10 | D30: 40GE多模/LC | M30: 10 | N30: 40GE多模/LC | X30: 10 | Y30: 10GE多模/LC | AH30: 10 | AI30: 10GE多模/LC
C31: 11 | D31: 40GE多模/LC | M31: 11 | N31: 40GE多模/LC | X31: 11 | Y31: 10GE多模/LC | AH31: 11 | AI31: 10GE多模/LC
C32: 12 | D32: 40GE多模/LC | M32: 12 | N32: 40GE多模/LC | X32: 12 | Y32: 10GE多模/LC | AH32: 12 | AI32: 10GE多模/LC
C33: 13 | D33: 40GE多模/LC | M33: 13 | N33: 40GE多模/LC | X33: 13 | Y33: 10GE多模/LC | AH33: 13 | AI33: 10GE多模/LC
C34: 14 | D34: 40GE多模/LC | M34: 14 | N34: 40GE多模/LC | X34: 14 | Y34: 10GE多模/LC | AH34: 14 | AI34: 10GE多模/LC
C35: 15 | D35: 40GE多模/LC | M35: 15 | N35: 40GE多模/LC | X35: 15 | Y35: 10GE多模/LC | AH35: 15 | AI35: 10GE多模/LC
C36: 16 | D36: 40GE多模/LC | E36: =VLOOKUP(F36,'00设备表'!$D:$F,3,0) -> HW105-02 | F36: 政务外网区核心交换机-2 | G36: =VLOOKUP(F36,'00设备表'!$D:$F,2,0) -> 华为CE8865-4C | H36: 2/16 | I36: 互联链路 | M36: 16 | N36: 40GE多模/LC | O36: =VLOOKUP(P36,'00设备表'!$D:$F,3,0) -> HW105-01 | P36: 政务外网区核心交换机-1 | Q36: =VLOOKUP(P36,'00设备表'!$D:$F,2,0) -> 华为CE8865-4C | R36: 2/16 | S36: 互联链路 | X36: 16 | Y36: 10GE多模/LC | AH36: 16 | AI36: 10GE多模/LC
A37: 3 | B37: 24端口10GE以太网光接口板（(FD-G,QSFP+) | C37: 1 | D37: 10GE多模/LC | E37: =VLOOKUP(F37,'00设备表'!$D:$F,3,0) -> HW108-07 | F37: 管理区防火墙-1 | G37: =VLOOKUP(F37,'00设备表'!$D:$F,2,0) -> 华为1000E-F125 | H37: 1/1 | K37: 3 | L37: 24端口10GE以太网光接口板（(FD-G,QSFP+) | M37: 1 | N37: 10GE多模/LC | O37: =VLOOKUP(P37,'00设备表'!$D:$F,3,0) -> HW108-07 | P37: 管理区防火墙-1 | Q37: =VLOOKUP(P37,'00设备表'!$D:$F,2,0) -> 华为1000E-F125 | R37: 1/3 | X37: 17 | Y37: 10GE多模/LC | AH37: 17 | AI37: 10GE多模/LC
C38: 2 | D38: 10GE多模/LC | E38: =VLOOKUP(F38,'00设备表'!$D:$F,3,0) -> HW108-07 | F38: 管理区防火墙-1 | G38: =VLOOKUP(F38,'00设备表'!$D:$F,2,0) -> 华为1000E-F125 | H38: 1/2 | M38: 2 | N38: 10GE多模/LC | O38: =VLOOKUP(P38,'00设备表'!$D:$F,3,0) -> HW108-07 | P38: 管理区防火墙-1 | Q38: =VLOOKUP(P38,'00设备表'!$D:$F,2,0) -> 华为1000E-F125 | R38: 1/4 | X38: 18 | Y38: 10GE多模/LC | AH38: 18 | AI38: 10GE多模/LC
C39: 3 | D39: 10GE多模/LC | E39: =VLOOKUP(F39,'00设备表'!$D:$F,3,0) -> HW108-09 | F39: 管理区防火墙-2 | G39: =VLOOKUP(F39,'00设备表'!$D:$F,2,0) -> 华为1000E-F125 | H39: 1/1 | M39: 3 | N39: 10GE多模/LC | O39: =VLOOKUP(P39,'00设备表'!$D:$F,3,0) -> HW108-09 | P39: 管理区防火墙-2 | Q39: =VLOOKUP(P39,'00设备表'!$D:$F,2,0) -> 华为1000E-F125 | R39: 1/3 | X39: 19 | Y39: 10GE多模/LC | AH39: 19 | AI39: 10GE多模/LC
C40: 4 | D40: 10GE多模/LC | E40: =VLOOKUP(F40,'00设备表'!$D:$F,3,0) -> HW108-09 | F40: 管理区防火墙-2 | G40: =VLOOKUP(F40,'00设备表'!$D:$F,2,0) -> 华为1000E-F125 | H40: 1/2 | M40: 4 | N40: 10GE多模/LC | O40: =VLOOKUP(P40,'00设备表'!$D:$F,3,0) -> HW108-09 | P40: 管理区防火墙-2 | Q40: =VLOOKUP(P40,'00设备表'!$D:$F,2,0) -> 华为1000E-F125 | R40: 1/4 | X40: 20 | Y40: 10GE多模/LC | AH40: 20 | AI40: 10GE多模/LC
C41: 5 | D41: 10GE多模/LC | E41: =VLOOKUP(F41,'00设备表'!$D:$F,3,0) -> HW105-01 | F41: 政务外网区出口防火墙-1 | G41: =VLOOKUP(F41,'00设备表'!$D:$F,2,0) -> 华为1000E-F55 | H41: 板载2/0 | M41: 5 | N41: 10GE多模/LC | O41: =VLOOKUP(P41,'00设备表'!$D:$F,3,0) -> HW105-01 | P41: 政务外网区出口防火墙-1 | Q41: =VLOOKUP(P41,'00设备表'!$D:$F,2,0) -> 华为1000E-F55 | R41: 板载2/1 | X41: 21 | Y41: 10GE多模/LC | AH41: 21 | AI41: 10GE多模/LC
C42: 6 | D42: 10GE多模/LC | E42: =VLOOKUP(F42,'00设备表'!$D:$F,3,0) -> HW105-02 | F42: 政务外网区出口防火墙-2 | G42: =VLOOKUP(F42,'00设备表'!$D:$F,2,0) -> 华为1000E-F55 | H42: 板载2/0 | M42: 6 | N42: 10GE多模/LC | O42: =VLOOKUP(P42,'00设备表'!$D:$F,3,0) -> HW105-02 | P42: 政务外网区出口防火墙-2 | Q42: =VLOOKUP(P42,'00设备表'!$D:$F,2,0) -> 华为1000E-F55 | R42: 板载2/1 | X42: 22 | Y42: 10GE多模/LC | AH42: 22 | AI42: 10GE多模/LC
C43: 7 | D43: 10GE多模/LC | M43: 7 | N43: 10GE多模/LC | X43: 23 | Y43: 10GE多模/LC | Z43: =VLOOKUP(AA43,'00设备表'!$D:$F,3,0) -> HW107-03 | AA43: 互联网区核心交换机-2 | AB43: =VLOOKUP(AA43,'00设备表'!$D:$F,2,0) -> 华为CE8865-4C | AC43: 2/23 | AD43: 互联链路 | AH43: 23 | AI43: 10GE多模/LC | AJ43: =VLOOKUP(AK43,'00设备表'!$D:$F,3,0) -> HW107-02 | AK43: 互联网区核心交换机-1 | AL43: =VLOOKUP(AK43,'00设备表'!$D:$F,2,0) -> 华为CE8865-4C | AM43: 2/23 | AN43: 互联链路
C44: 8 | D44: 10GE多模/LC | E44: =VLOOKUP(F44,'00设备表'!$D:$F,3,0) -> HW105-01 | F44: 政务外网区流量探针-1 | G44: =VLOOKUP(F44,'00设备表'!$D:$F,2,0) -> 绿盟UTSNX3-HHB | H44: 2/1 | M44: 8 | N44: 10GE多模/LC | O44: =VLOOKUP(P44,'00设备表'!$D:$F,3,0) -> HW105-01 | P44: 政务外网区流量探针-1 | Q44: =VLOOKUP(P44,'00设备表'!$D:$F,2,0) -> 绿盟UTSNX3-HHB | R44: 2/2 | X44: 24 | Y44: 10GE多模/LC | Z44: =VLOOKUP(AA44,'00设备表'!$D:$F,3,0) -> HW107-03 | AA44: 互联网区核心交换机-2 | AB44: =VLOOKUP(AA44,'00设备表'!$D:$F,2,0) -> 华为CE8865-4C | AC44: 2/24 | AD44: 互联链路 | AH44: 24 | AI44: 10GE多模/LC | AJ44: =VLOOKUP(AK44,'00设备表'!$D:$F,3,0) -> HW107-02 | AK44: 互联网区核心交换机-1 | AL44: =VLOOKUP(AK44,'00设备表'!$D:$F,2,0) -> 华为CE8865-4C | AM44: 2/24 | AN44: 互联链路
C45: 9 | D45: 10GE多模/LC | E45: =VLOOKUP(F45,'00设备表'!$D:$F,3,0) -> HW105-02 | F45: 政务外网区流量探针-2 | G45: =VLOOKUP(F45,'00设备表'!$D:$F,2,0) -> 绿盟UTSNX3-HHB | H45: 2/1 | M45: 9 | N45: 10GE多模/LC | O45: =VLOOKUP(P45,'00设备表'!$D:$F,3,0) -> HW105-02 | P45: 政务外网区流量探针-2 | Q45: =VLOOKUP(P45,'00设备表'!$D:$F,2,0) -> 绿盟UTSNX3-HHB | R45: 2/2 | V45: 3~4 | W45: 空 | AF45: 3~4 | AG45: 空
C46: 10 | D46: 10GE多模/LC | E46: =VLOOKUP(F46,'00设备表'!$D:$F,3,0) -> HW108-07 | F46: 网闸-1 | G46: =VLOOKUP(F46,'00设备表'!$D:$F,2,0) -> 天融信TopRules(FT-A10) | H46: 内网3/10GE-1 | M46: 10 | N46: 10GE多模/LC | O46: =VLOOKUP(P46,'00设备表'!$D:$F,3,0) -> HW108-09 | P46: 网闸-2 | Q46: =VLOOKUP(P46,'00设备表'!$D:$F,2,0) -> 天融信TopRules(FT-A10) | R46: 内网3/10GE-1
C47: 11 | D47: 10GE多模/LC | M47: 11 | N47: 10GE多模/LC
C48: 12 | D48: 10GE多模/LC | M48: 12 | N48: 10GE多模/LC
C49: 13 | D49: 10GE多模/LC | M49: 13 | N49: 10GE多模/LC
C50: 14 | D50: 10GE多模/LC | M50: 14 | N50: 10GE多模/LC
C51: 15 | D51: 10GE多模/LC | M51: 15 | N51: 10GE多模/LC
C52: 16 | D52: 10GE多模/LC | M52: 16 | N52: 10GE多模/LC
C53: 17 | D53: 10GE多模/LC | M53: 17 | N53: 10GE多模/LC
C54: 18 | D54: 10GE多模/LC | M54: 18 | N54: 10GE多模/LC
C55: 19 | D55: 10GE多模/LC | M55: 19 | N55: 10GE多模/LC
C56: 20 | D56: 10GE多模/LC | M56: 20 | N56: 10GE多模/LC
C57: 21 | D57: 10GE多模/LC | M57: 21 | N57: 10GE多模/LC
C58: 22 | D58: 10GE多模/LC | M58: 22 | N58: 10GE多模/LC
C59: 23 | D59: 10GE多模/LC | M59: 23 | N59: 10GE多模/LC
C60: 24 | D60: 10GE多模/LC | E60: =VLOOKUP(F60,'00设备表'!$D:$F,3,0) -> HW105-02 | F60: 政务外网区核心交换机-2 | G60: =VLOOKUP(F60,'00设备表'!$D:$F,2,0) -> 华为CE8865-4C | H60: 3/24 | I60: 互联链路 | M60: 24 | N60: 10GE多模/LC | O60: =VLOOKUP(P60,'00设备表'!$D:$F,3,0) -> HW105-01 | P60: 政务外网区核心交换机-1 | Q60: =VLOOKUP(P60,'00设备表'!$D:$F,2,0) -> 华为CE8865-4C | R60: 4/24 | S60: 互联链路
A61: 4 | B61: 24端口10GE以太网光接口板（(FD-G,QSFP+) | C61: 1 | D61: 10GE多模/LC | K61: 4 | L61: 24端口10GE以太网光接口板（(FD-G,QSFP+) | M61: 1 | N61: 10GE多模/LC
C62: 2 | D62: 10GE多模/LC | M62: 2 | N62: 10GE多模/LC
C63: 3 | D63: 10GE多模/LC | M63: 3 | N63: 10GE多模/LC
C64: 4 | D64: 10GE多模/LC | M64: 4 | N64: 10GE多模/LC
C65: 5 | D65: 10GE多模/LC | M65: 5 | N65: 10GE多模/LC
C66: 6 | D66: 10GE多模/LC | M66: 6 | N66: 10GE多模/LC
C67: 7 | D67: 10GE多模/LC | M67: 7 | N67: 10GE多模/LC
C68: 8 | D68: 10GE多模/LC | M68: 8 | N68: 10GE多模/LC
C69: 9 | D69: 10GE多模/LC | M69: 9 | N69: 10GE多模/LC
C70: 10 | D70: 10GE多模/LC | M70: 10 | N70: 10GE多模/LC
C71: 11 | D71: 10GE多模/LC | M71: 11 | N71: 10GE多模/LC
C72: 12 | D72: 10GE多模/LC | M72: 12 | N72: 10GE多模/LC
C73: 13 | D73: 10GE多模/LC | M73: 13 | N73: 10GE多模/LC
... C83: 23 | D83: 10GE多模/LC | M83: 23 | N83: 10GE多模/LC
C84: 24 | D84: 10GE多模/LC | E84: =VLOOKUP(F84,'00设备表'!$D:$F,3,0) -> HW105-02 | F84: 政务外网区核心交换机-2 | G84: =VLOOKUP(F84,'00设备表'!$D:$F,2,0) -> 华为CE8865-4C | H84: 4/24 | I84: 互联链路 | M84: 24 | N84: 10GE多模/LC | O84: =VLOOKUP(P84,'00设备表'!$D:$F,3,0) -> HW105-01 | P84: 政务外网区核心交换机-1 | Q84: =VLOOKUP(P84,'00设备表'!$D:$F,2,0) -> 华为CE8865-4C | R84: 4/24 | S84: 互联链路
A87: =VLOOKUP(B87,'00设备表'!$D:$F,3,0) -> HW108-07 | B87: ='00设备表'!D155 -> 管理区核心交换机-1 | C87: =VLOOKUP(B87,'00设备表'!$D:$F,2,0) -> 华为CE16804 | K87: =VLOOKUP(L87,'00设备表'!$D:$F,3,0) -> HW108-09 | L87: ='00设备表'!D165 -> 管理区核心交换机-2 | M87: =VLOOKUP(L87,'00设备表'!$D:$F,2,0) -> 华为CE16804
A88: 槽位号 | B88: 板卡类型 | C88: 端口号 | D88: 接口模式 | E88: 对端设备 机柜号 | F88: 对端设备名称 | G88: 对端设备型号 | H88: 对端设备端口号 | I88: 备注 | K88: 槽位号 | L88: 板卡类型 | M88: 端口号 | N88: 接口模式 | O88: 对端设备 机柜号 | P88: 对端设备名称 | Q88: 对端设备型号 | R88: 对端设备端口号 | S88: 备注
A89: 0 | B89: 主控板2 | C89: console口 | D89: 电口 | K89: 0 | L89: 主控板2 | M89: console口 | N89: 电口
B90: 主控板2 | C90: 管理口 | D90: 电口 | L90: 主控板2 | M90: 管理口 | N90: 电口
B91: 主控板1 | C91: console口 | D91: 电口 | L91: 主控板1 | M91: console口 | N91: 电口
B92: 主控板1 | C92: 管理口 | D92: 电口 | E92: =VLOOKUP(F92,'00设备表'!$D:$F,3,0) -> HW108-03 | F92: 互联网区千兆BMC交换机-3 | G92: =VLOOKUP(F92,'00设备表'!$D:$F,2,0) -> 华为5855 | H92: 0/1 | L92: 主控板1 | M92: 管理口 | N92: 电口 | O92: =VLOOKUP(P92,'00设备表'!$D:$F,3,0) -> HW108-03 | P92: 互联网区千兆BMC交换机-3 | Q92: =VLOOKUP(P92,'00设备表'!$D:$F,2,0) -> 华为5855 | R92: 0/2
A93: 1 | B93: 36端口40GE以太网光接口板(FD-G,SFP+) | C93: 1 | D93: 40GE多模/LC | E93: =VLOOKUP(F93,'00设备表'!$D:$F,3,0) -> HW105-04 | F93: 政务外网区万兆管理交换机-1 | G93: =VLOOKUP(F93,'00设备表'!$D:$F,2,0) -> 华为CE6881H | H93: 0/49 | K93: 1 | L93: 36端口40GE以太网光接口板(FD-G,SFP+) | M93: 1 | N93: 40GE多模/LC | O93: =VLOOKUP(P93,'00设备表'!$D:$F,3,0) -> HW105-04 | P93: 政务外网区万兆管理交换机-1 | Q93: =VLOOKUP(P93,'00设备表'!$D:$F,2,0) -> 华为CE6881H | R93: 0/50
C94: 2 | D94: 40GE多模/LC | E94: =VLOOKUP(F94,'00设备表'!$D:$F,3,0) -> HW105-05 | F94: 政务外网区万兆管理交换机-2 | G94: =VLOOKUP(F94,'00设备表'!$D:$F,2,0) -> 华为CE6881H | H94: 0/49 | M94: 2 | N94: 40GE多模/LC | O94: =VLOOKUP(P94,'00设备表'!$D:$F,3,0) -> HW105-05 | P94: 政务外网区万兆管理交换机-2 | Q94: =VLOOKUP(P94,'00设备表'!$D:$F,2,0) -> 华为CE6881H | R94: 0/50
C95: 3 | D95: 40GE多模/LC | E95: =VLOOKUP(F95,'00设备表'!$D:$F,3,0) -> HW107-04 | F95: 互联网区万兆管理交换机-1 | G95: =VLOOKUP(F95,'00设备表'!$D:$F,2,0) -> 华为CE6881H | H95: 0/49 | M95: 3 | N95: 40GE多模/LC | O95: =VLOOKUP(P95,'00设备表'!$D:$F,3,0) -> HW107-04 | P95: 互联网区万兆管理交换机-1 | Q95: =VLOOKUP(P95,'00设备表'!$D:$F,2,0) -> 华为CE6881H | R95: 0/50
C96: 4 | D96: 40GE多模/LC | E96: =VLOOKUP(F96,'00设备表'!$D:$F,3,0) -> HW107-06 | F96: 互联网区万兆管理交换机-2 | G96: =VLOOKUP(F96,'00设备表'!$D:$F,2,0) -> 华为CE6881H | H96: 0/49 | M96: 4 | N96: 40GE多模/LC | O96: =VLOOKUP(P96,'00设备表'!$D:$F,3,0) -> HW107-06 | P96: 互联网区万兆管理交换机-2 | Q96: =VLOOKUP(P96,'00设备表'!$D:$F,2,0) -> 华为CE6881H | R96: 0/50
C97: 5 | D97: 40GE多模/LC | E97: =VLOOKUP(F97,'00设备表'!$D:$F,3,0) -> HW105-06 | F97: 政务外网区万兆业务管理交换机-1 | G97: =VLOOKUP(F97,'00设备表'!$D:$F,2,0) -> 华为CE6881H | H97: 0/49 | M97: 5 | N97: 40GE多模/LC | O97: =VLOOKUP(P97,'00设备表'!$D:$F,3,0) -> HW105-06 | P97: 政务外网区万兆业务管理交换机-1 | Q97: =VLOOKUP(P97,'00设备表'!$D:$F,2,0) -> 华为CE6881H | R97: 0/50
C98: 6 | D98: 40GE多模/LC | E98: =VLOOKUP(F98,'00设备表'!$D:$F,3,0) -> HW105-08 | F98: 政务外网区万兆业务管理交换机-2 | G98: =VLOOKUP(F98,'00设备表'!$D:$F,2,0) -> 华为CE6881H | H98: 0/49 | M98: 6 | N98: 40GE多模/LC | O98: =VLOOKUP(P98,'00设备表'!$D:$F,3,0) -> HW105-08 | P98: 政务外网区万兆业务管理交换机-2 | Q98: =VLOOKUP(P98,'00设备表'!$D:$F,2,0) -> 华为CE6881H | R98: 0/50
C99: 7 | D99: 40GE多模/LC | E99: =VLOOKUP(F99,'00设备表'!$D:$F,3,0) -> HW107-07 | F99: 互联网区万兆业务管理交换机-1 | G99: =VLOOKUP(F99,'00设备表'!$D:$F,2,0) -> 华为CE6881H | H99: 0/49 | M99: 7 | N99: 40GE多模/LC | O99: =VLOOKUP(P99,'00设备表'!$D:$F,3,0) -> HW107-07 | P99: 互联网区万兆业务管理交换机-1 | Q99: =VLOOKUP(P99,'00设备表'!$D:$F,2,0) -> 华为CE6881H | R99: 0/50
C100: 8 | D100: 40GE多模/LC | E100: =VLOOKUP(F100,'00设备表'!$D:$F,3,0) -> HW107-08 | F100: 互联网区万兆业务管理交换机-2 | G100: =VLOOKUP(F100,'00设备表'!$D:$F,2,0) -> 华为CE6881H | H100: 0/49 | M100: 8 | N100: 40GE多模/LC | O100: =VLOOKUP(P100,'00设备表'!$D:$F,3,0) -> HW107-08 | P100: 互联网区万兆业务管理交换机-2 | Q100: =VLOOKUP(P100,'00设备表'!$D:$F,2,0) -> 华为CE6881H | R100: 0/50
C101: 9 | D101: 40GE多模/LC | M101: 9 | N101: 40GE多模/LC
C102: 10 | D102: 40GE多模/LC | M102: 10 | N102: 40GE多模/LC
C103: 11 | D103: 40GE多模/LC | M103: 11 | N103: 40GE多模/LC
C104: 12 | D104: 40GE多模/LC | M104: 12 | N104: 40GE多模/LC
C105: 13 | D105: 40GE多模/LC | M105: 13 | N105: 40GE多模/LC
C106: 14 | D106: 40GE多模/LC | M106: 14 | N106: 40GE多模/LC
C107: 15 | D107: 40GE多模/LC | M107: 15 | N107: 40GE多模/LC
C108: 16 | D108: 40GE多模/LC | M108: 16 | N108: 40GE多模/LC
C109: 17~34 | D109: 40GE多模/LC | E109: 未用 | M109: 17~34 | N109: 40GE多模/LC | O109: 未用
C110: 35 | D110: 40GE多模/LC | E110: =VLOOKUP(F110,'00设备表'!$D:$F,3,0) -> HW108-09 | F110: 管理区核心交换机-2 | G110: =VLOOKUP(F110,'00设备表'!$D:$F,2,0) -> 华为CE16804 | H110: 1/35 | I110: 互联链路 | M110: 35 | N110: 40GE多模/LC | O110: =VLOOKUP(P110,'00设备表'!$D:$F,3,0) -> HW108-07 | P110: 管理区核心交换机-1 | Q110: =VLOOKUP(P110,'00设备表'!$D:$F,2,0) -> 华为CE16804 | R110: 1/35 | S110: 互联链路
C111: 36 | D111: 40GE多模/LC | E111: =VLOOKUP(F111,'00设备表'!$D:$F,3,0) -> HW108-09 | F111: 管理区核心交换机-2 | G111: =VLOOKUP(F111,'00设备表'!$D:$F,2,0) -> 华为CE16804 | H111: 1/36 | I111: 互联链路 | M111: 36 | N111: 40GE多模/LC | O111: =VLOOKUP(P111,'00设备表'!$D:$F,3,0) -> HW108-07 | P111: 管理区核心交换机-1 | Q111: =VLOOKUP(P111,'00设备表'!$D:$F,2,0) -> 华为CE16804 | R111: 1/36 | S111: 互联链路
...

Sheet 02出口防火墙(本+异6台)
A1: =VLOOKUP(B1,'00设备表'!$D:$F,3,0) -> HW105-01 | B1: 政务外网区出口防火墙-1 | C1: =VLOOKUP(B1,'00设备表'!$D:$F,2,0) -> 华为1000E-F55 | J1: =VLOOKUP(K1,'00设备表'!$D:$F,3,0) -> HW105-02 | K1: 政务外网区出口防火墙-2 | L1: =VLOOKUP(K1,'00设备表'!$D:$F,2,0) -> 华为1000E-F55 | T1: =VLOOKUP(U1,'00设备表'!$D:$F,3,0) -> HW107-02 | U1: 互联网区出口防火墙-1 | V1: =VLOOKUP(U1,'00设备表'!$D:$F,2,0) -> 华为1000E-F55 | AC1: =VLOOKUP(AD1,'00设备表'!$D:$F,3,0) -> HW107-03 | AD1: 互联网区出口防火墙-2 | AE1: =VLOOKUP(AD1,'00设备表'!$D:$F,2,0) -> 华为1000E-F55
A2: 槽位号 | B2: 端口号 | C2: 模块型号 | D2: 对端设备位置 | E2: 对端设备名称 | F2: 对端设备型号 | G2: 对端设备端口号 | H2: 备注 | J2: 槽位号 | K2: 端口号 | L2: 模块型号 | M2: 对端设备位置 | N2: 对端设备名称 | O2: 对端设备型号 | P2: 对端设备端口号 | Q2: 备注 | T2: 槽位号 | U2: 端口号 | V2: 模块型号 | W2: 对端设备位置 | X2: 对端设备名称 | Y2: 对端设备型号 | Z2: 对端设备端口号 | AA2: 备注 | AC2: 槽位号 | AD2: 端口号 | AE2: 模块型号 | AF2: 对端设备位置 | AG2: 对端设备名称 | AH2: 对端设备型号 | AI2: 对端设备端口号 | AJ2: 备注
A3: 板载1 | B3: CONSOLE | C3: 电口 | J3: 板载1 | K3: CONSOLE | L3: 电口 | T3: 板载1 | U3: CONSOLE | V3: 电口 | AC3: 板载1 | AD3: CONSOLE | AE3: 电口
B4: IPMI | C4: 电口 | K4: IPMI | L4: 电口 | U4: IPMI | V4: 电口 | AD4: IPMI | AE4: 电口
B5: MANAGE | C5: 电口 | D5: =VLOOKUP(E5,'00设备表'!$D:$F,3,0) -> HW105-02 | E5: 政务外网区千兆BMC交换机-1 | F5: =VLOOKUP(E5,'00设备表'!$D:$F,2,0) -> 华为5855 | G5: 0/1 | K5: MANAGE | L5: 电口 | M5: =VLOOKUP(N5,'00设备表'!$D:$F,3,0) -> HW105-02 | N5: 政务外网区千兆BMC交换机-1 | O5: =VLOOKUP(N5,'00设备表'!$D:$F,2,0) -> 华为5855 | P5: 0/2 | U5: MANAGE | V5: 电口 | W5: =VLOOKUP(X5,'00设备表'!$D:$F,3,0) -> HW107-03 | X5: 互联网区千兆BMC交换机-1 | Y5: =VLOOKUP(X5,'00设备表'!$D:$F,2,0) -> 华为5855 | Z5: 0/1 | AD5: MANAGE | AE5: 电口 | AF5: =VLOOKUP(AG5,'00设备表'!$D:$F,3,0) -> HW107-03 | AG5: 互联网区千兆BMC交换机-1 | AH5: =VLOOKUP(AG5,'00设备表'!$D:$F,2,0) -> 华为5855 | AI5: 0/2
B6: 0 | C6: GE电口 | K6: 0 | L6: GE电口 | U6: 0 | V6: GE电口 | AD6: 0 | AE6: GE电口
B7: 1 | C7: GE电口 | K7: 1 | L7: GE电口 | U7: 1 | V7: GE电口 | AD7: 1 | AE7: GE电口
B8: 2 | C8: GE电口 | K8: 2 | L8: GE电口 | U8: 2 | V8: GE电口 | AD8: 2 | AE8: GE电口
B9: 3 | C9: GE电口 | K9: 3 | L9: GE电口 | U9: 3 | V9: GE电口 | AD9: 3 | AE9: GE电口
B10: 4 | C10: GE电口 | K10: 4 | L10: GE电口 | U10: 4 | V10: GE电口 | AD10: 4 | AE10: GE电口
B11: 5 | C11: GE电口 | K11: 5 | L11: GE电口 | U11: 5 | V11: GE电口 | AD11: 5 | AE11: GE电口
B12: 6 | C12: GE电口 | K12: 6 | L12: GE电口 | U12: 6 | V12: GE电口 | AD12: 6 | AE12: GE电口
B13: 7 | C13: GE电口 | K13: 7 | L13: GE电口 | U13: 7 | V13: GE电口 | AD13: 7 | AE13: GE电口
B14: 8 | C14: GE电口 | K14: 8 | L14: GE电口 | U14: 8 | V14: GE电口 | AD14: 8 | AE14: GE电口
B15: 9 | C15: GE电口 | K15: 9 | L15: GE电口 | U15: 9 | V15: GE电口 | AD15: 9 | AE15: GE电口
B16: 10 | C16: GE电口 | D16: =VLOOKUP(E16,'00设备表'!$D:$F,3,0) -> HW105-02 | E16: 政务外网区出口防火墙-2 | F16: =VLOOKUP(E16,'00设备表'!$D:$F,2,0) -> 华为1000E-F55 | G16: 板载1/10 | H16: 主备互联 | K16: 10 | L16: GE电口 | M16: =VLOOKUP(N16,'00设备表'!$D:$F,3,0) -> HW105-01 | N16: 政务外网区出口防火墙-1 | O16: =VLOOKUP(N16,'00设备表'!$D:$F,2,0) -> 华为1000E-F55 | P16: 板载1/10 | Q16: 主备互联 | U16: 10 | V16: GE电口 | W16: =VLOOKUP(X16,'00设备表'!$D:$F,3,0) -> HW107-03 | X16: =$AD$1 -> 互联网区出口防火墙-2 | Y16: =VLOOKUP(X16,'00设备表'!$D:$F,2,0) -> 华为1000E-F55 | Z16: 板载1/10 | AA16: 主备互联 | AD16: 10 | AE16: GE电口 | AF16: =VLOOKUP(AG16,'00设备表'!$D:$F,3,0) -> HW107-02 | AG16: =$U$1 -> 互联网区出口防火墙-1 | AH16: =VLOOKUP(AG16,'00设备表'!$D:$F,2,0) -> 华为1000E-F55 | AI16: 板载1/10 | AJ16: 主备互联
B17: 11 | C17: GE电口 | D17: =VLOOKUP(E17,'00设备表'!$D:$F,3,0) -> HW105-02 | E17: 政务外网区出口防火墙-2 | F17: =VLOOKUP(E17,'00设备表'!$D:$F,2,0) -> 华为1000E-F55 | G17: 板载1/11 | H17: 主备互联 | K17: 11 | L17: GE电口 | M17: =VLOOKUP(N17,'00设备表'!$D:$F,3,0) -> HW105-01 | N17: 政务外网区出口防火墙-1 | O17: =VLOOKUP(N17,'00设备表'!$D:$F,2,0) -> 华为1000E-F55 | P17: 板载1/11 | Q17: 主备互联 | U17: 11 | V17: GE电口 | W17: =VLOOKUP(X17,'00设备表'!$D:$F,3,0) -> HW107-03 | X17: =$AD$1 -> 互联网区出口防火墙-2 | Y17: =VLOOKUP(X17,'00设备表'!$D:$F,2,0) -> 华为1000E-F55 | Z17: 板载1/11 | AA17: 主备互联 | AD17: 11 | AE17: GE电口 | AF17: =VLOOKUP(AG17,'00设备表'!$D:$F,3,0) -> HW107-02 | AG17: =$U$1 -> 互联网区出口防火墙-1 | AH17: =VLOOKUP(AG17,'00设备表'!$D:$F,2,0) -> 华为1000E-F55 | AI17: 板载1/11 | AJ17: 主备互联
A18: 板载2 | B18: 0 | C18: 10GE多模/LC | D18: =VLOOKUP(E18,'00设备表'!$D:$F,3,0) -> HW105-01 | E18: 政务外网区核心交换机-1 | F18: =VLOOKUP(E18,'00设备表'!$D:$F,2,0) -> 华为CE8865-4C | G18: 3/5 | J18: 板载2 | K18: 0 | L18: 10GE多模/LC | M18: =VLOOKUP(N18,'00设备表'!$D:$F,3,0) -> HW105-01 | N18: 政务外网区核心交换机-1 | O18: =VLOOKUP(N18,'00设备表'!$D:$F,2,0) -> 华为CE8865-4C | P18: 3/6 | T18: 板载2 | U18: 0 | V18: 10GE多模/LC | W18: =VLOOKUP(X18,'00设备表'!$D:$F,3,0) -> HW107-02 | X18: 互联网区出口交换机-1 | Y18: =VLOOKUP(X18,'00设备表'!$D:$F,2,0) -> 华为CE6881H | Z18: 0/1 | AC18: 板载2 | AD18: 0 | AE18: 10GE多模/LC | AF18: =VLOOKUP(AG18,'00设备表'!$D:$F,3,0) -> HW107-02 | AG18: 互联网区出口交换机-1 | AH18: =VLOOKUP(AG18,'00设备表'!$D:$F,2,0) -> 华为CE6881H | AI18: 0/2
B19: 1 | C19: 10GE多模/LC | D19: =VLOOKUP(E19,'00设备表'!$D:$F,3,0) -> HW105-02 | E19: 政务外网区核心交换机-2 | F19: =VLOOKUP(E19,'00设备表'!$D:$F,2,0) -> 华为CE8865-4C | G19: 3/5 | K19: 1 | L19: 10GE多模/LC | M19: =VLOOKUP(N19,'00设备表'!$D:$F,3,0) -> HW105-02 | N19: 政务外网区核心交换机-2 | O19: =VLOOKUP(N19,'00设备表'!$D:$F,2,0) -> 华为CE8865-4C | P19: 3/6 | U19: 1 | V19: 10GE多模/LC | W19: =VLOOKUP(X19,'00设备表'!$D:$F,3,0) -> HW107-03 | X19: 互联网区出口交换机-2 | Y19: =VLOOKUP(X19,'00设备表'!$D:$F,2,0) -> 华为CE6881H | Z19: 0/1 | AD19: 1 | AE19: 10GE多模/LC | AF19: =VLOOKUP(AG19,'00设备表'!$D:$F,3,0) -> HW107-03 | AG19: 互联网区出口交换机-2 | AH19: =VLOOKUP(AG19,'00设备表'!$D:$F,2,0) -> 华为CE6881H | AI19: 0/2
B20: 2 | C20: 10GE多模/LC | D20: =VLOOKUP(E20,'00设备表'!$D:$F,3,0) -> HW105-04 | E20: 政务外网区专线交换机-1 | F20: =VLOOKUP(E20,'00设备表'!$D:$F,2,0) -> 华为CE6881H | G20: 0/6 | K20: 2 | L20: 10GE多模/LC | M20: =VLOOKUP(N20,'00设备表'!$D:$F,3,0) -> HW105-04 | N20: 政务外网区专线交换机-1 | O20: =VLOOKUP(N20,'00设备表'!$D:$F,2,0) -> 华为CE6881H | P20: 0/7 | U20: 2 | V20: 10GE多模/LC | W20: =VLOOKUP(X20,'00设备表'!$D:$F,3,0) -> HW107-07 | X20: 互联网区专线交换机-1 | Y20: =VLOOKUP(X20,'00设备表'!$D:$F,2,0) -> 华为CE6881H | Z20: 0/6 | AD20: 2 | AE20: 10GE多模/LC | AF20: =VLOOKUP(AG20,'00设备表'!$D:$F,3,0) -> HW107-07 | AG20: 互联网区专线交换机-1 | AH20: =VLOOKUP(AG20,'00设备表'!$D:$F,2,0) -> 华为CE6881H | AI20: 0/7
B21: 3 | C21: 10GE多模/LC | D21: =VLOOKUP(E21,'00设备表'!$D:$F,3,0) -> HW105-05 | E21: 政务外网区专线交换机-2 | F21: =VLOOKUP(E21,'00设备表'!$D:$F,2,0) -> 华为CE6881H | G21: 0/6 | K21: 3 | L21: 10GE多模/LC | M21: =VLOOKUP(N21,'00设备表'!$D:$F,3,0) -> HW105-05 | N21: 政务外网区专线交换机-2 | O21: =VLOOKUP(N21,'00设备表'!$D:$F,2,0) -> 华为CE6881H | P21: 0/7 | U21: 3 | V21: 10GE多模/LC | W21: =VLOOKUP(X21,'00设备表'!$D:$F,3,0) -> HW107-08 | X21: 互联网区专线交换机-2 | Y21: =VLOOKUP(X21,'00设备表'!$D:$F,2,0) -> 华为CE6881H | Z21: 0/6 | AD21: 3 | AE21: 10GE多模/LC | AF21: =VLOOKUP(AG21,'00设备表'!$D:$F,3,0) -> HW107-08 | AG21: 互联网区专线交换机-2 | AH21: =VLOOKUP(AG21,'00设备表'!$D:$F,2,0) -> 华为CE6881H | AI21: 0/7
B22: 4 | C22: 10GE多模/LC | D22: HW104-07 | E22: 政务外网区核心交换机-1 | F22: 华为7706 | H22: 更换设备 | K22: 4 | L22: 10GE多模/LC | M22: HW104-06 | N22: 政务外网区核心交换机-2 | O22: 华为7706 | Q22: 更换设备 | U22: 4 | V22: 10GE多模/LC | W22: =VLOOKUP(X22,'00设备表'!$D:$F,3,0) -> HW107-02 | X22: 互联网区核心交换机-1 | Y22: =VLOOKUP(X22,'00设备表'!$D:$F,2,0) -> 华为CE8865-4C | Z22: 2/5 | AD22: 4 | AE22: 10GE多模/LC | AF22: =VLOOKUP(AG22,'00设备表'!$D:$F,3,0) -> HW107-02 | AG22: 互联网区核心交换机-1 | AH22: =VLOOKUP(AG22,'00设备表'!$D:$F,2,0) -> 华为CE8865-4C | AI22: 2/6
B23: 5 | C23: 10GE单模/LC | D23: =VLOOKUP(E23,'00设备表'!$D:$F,3,0) -> HW109-01 | E23: ODF（柳东方向） | F23: =VLOOKUP(E23,'00设备表'!$D:$F,2,0) -> ODF | G23: 板载2/0 | H23: ODF架（政务外网区异地防火墙-1） | K23: 5 | L23: 10GE多模/LC | U23: 5 | V23: 10GE多模/LC | W23: =VLOOKUP(X23,'00设备表'!$D:$F,3,0) -> HW107-03 | X23: 互联网区核心交换机-2 | Y23: =VLOOKUP(X23,'00设备表'!$D:$F,2,0) -> 华为CE8865-4C | Z23: 2/5 | AD23: 5 | AE23: 10GE多模/LC | AF23: =VLOOKUP(AG23,'00设备表'!$D:$F,3,0) -> HW107-03 | AG23: 互联网区核心交换机-2 | AH23: =VLOOKUP(AG23,'00设备表'!$D:$F,2,0) -> 华为CE8865-4C | AI23: 2/6
B24: 6 | C24: 10GE多模/LC | D24: =VLOOKUP(E24,'00设备表'!$D:$F,3,0) -> HW108-07 | E24: 管理区核心交换机-1 | F24: =VLOOKUP(E24,'00设备表'!$D:$F,2,0) -> 华为CE16804 | G24: 2/5 | K24: 6 | L24: 10GE多模/LC | U24: 6 | V24: 10GE单模/LC | W24: =VLOOKUP(X24,'00设备表'!$D:$F,3,0) -> HW109-01 | X24: ODF（柳东方向） | Y24: =VLOOKUP(X24,'00设备表'!$D:$F,2,0) -> ODF | Z24: 板载2/0 | AA24: ODF架（互联网区异地防火墙-1） | AD24: 6 | AE24: 10GE多模/LC
B25: 7 | C25: 10GE多模/LC | K25: 7 | L25: 10GE多模/LC | U25: 7 | V25: 10GE多模/LC | AD25: 7 | AE25: 10GE多模/LC
B26: 8 | C26: 10GE多模/LC | K26: 8 | L26: 10GE多模/LC | U26: 8 | V26: 10GE多模/LC | AD26: 8 | AE26: 10GE多模/LC
B27: 9 | C27: 10GE多模/LC | K27: 9 | L27: 10GE多模/LC | U27: 9 | V27: 10GE多模/LC | AD27: 9 | AE27: 10GE多模/LC
A31: =VLOOKUP(B31,'00设备表'!$D:$F,3,0) -> 01-15 | B31: ='00设备表'!D168 -> 政务外网区异地防火墙-1 | C31: =VLOOKUP(B31,'00设备表'!$D:$F,2,0) -> 华为1000E-F55 | J31: =VLOOKUP(K31,'00设备表'!$D:$F,3,0) -> 01-15 | K31: ='00设备表'!D170 -> 互联网区异地防火墙-1 | L31: =VLOOKUP(K31,'00设备表'!$D:$F,2,0) -> 华为1000E-F55
A32: 槽位号 | B32: 端口号 | C32: 模块型号 | D32: 对端设备位置 | E32: 对端设备名称 | F32: 对端设备型号 | G32: 对端设备端口号 | H32: 备注 | J32: 槽位号 | K32: 端口号 | L32: 模块型号 | M32: 对端设备位置 | N32: 对端设备名称 | O32: 对端设备型号 | P32: 对端设备端口号 | Q32: 备注
A33: 板载1 | B33: CONSOLE | C33: 电口 | J33: 板载1 | K33: CONSOLE | L33: 电口
B34: IPMI | C34: 电口 | K34: IPMI | L34: 电口 | T34: =VLOOKUP(U34,'00设备表'!$D:$F,3,0) -> HW108-07 | U34: 管理区防火墙-1 | V34: =VLOOKUP(U34,'00设备表'!$D:$F,2,0) -> 华为1000E-F125 | AC34: =VLOOKUP(AD34,'00设备表'!$D:$F,3,0) -> HW108-09 | AD34: 管理区防火墙-2 | AE34: =VLOOKUP(AD34,'00设备表'!$D:$F,2,0) -> 华为1000E-F125
B35: MANAGE | C35: 电口 | K35: MANAGE | L35: 电口 | T35: 槽位号 | U35: 端口号 | V35: 模块型号 | W35: 对端设备位置 | X35: 对端设备名称 | Y35: 对端设备型号 | Z35: 对端设备端口号 | AA35: 备注 | AC35: 槽位号 | AD35: 端口号 | AE35: 模块型号 | AF35: 对端设备位置 | AG35: 对端设备名称 | AH35: 对端设备型号 | AI35: 对端设备端口号 | AJ35: 备注
B36: 0 | C36: GE电口 | D36: =VLOOKUP(E36,'00设备表'!$D:$F,3,0) -> 01-15 | E36: 政务外网区异地存储服务器-1 | F36: =VLOOKUP(E36,'00设备表'!$D:$F,2,0) -> 中兴R5530 G2 | G36: MGMT口 | K36: 0 | L36: GE电口 | M36: =VLOOKUP(N36,'00设备表'!$D:$F,3,0) -> 01-15 | N36: 互联网区异地存储服务器-1 | O36: =VLOOKUP(N36,'00设备表'!$D:$F,2,0) -> 中兴R5530 G2 | P36: MGMT口 | T36: 板载 | U36: CONSOLE | V36: 电口 | AC36: 板载 | AD36: CONSOLE | AE36: 电口
B37: 1 | C37: GE电口 | K37: 1 | L37: GE电口 | U37: IPMI | V37: 电口 | AD37: IPMI | AE37: 电口
B38: 2 | C38: GE电口 | K38: 2 | L38: GE电口 | U38: MANAGE | V38: 电口 | W38: =VLOOKUP(X38,'00设备表'!$D:$F,3,0) -> HW108-03 | X38: 互联网区千兆BMC交换机-3 | Y38: =VLOOKUP(X38,'00设备表'!$D:$F,2,0) -> 华为5855 | Z38: 0/19 | AD38: MANAGE | AE38: 电口 | AF38: =VLOOKUP(AG38,'00设备表'!$D:$F,3,0) -> HW108-03 | AG38: 互联网区千兆BMC交换机-3 | AH38: =VLOOKUP(AG38,'00设备表'!$D:$F,2,0) -> 华为5855 | AI38: 0/20
B39: 3 | C39: GE电口 | K39: 3 | L39: GE电口 | T39: 1 | U39: 1 | V39: 10GE多模/LC | W39: =VLOOKUP(X39,'00设备表'!$D:$F,3,0) -> HW105-01 | X39: 政务外网区核心交换机-1 | Y39: =VLOOKUP(X39,'00设备表'!$D:$F,2,0) -> 华为CE8865-4C | Z39: 3/1 | AC39: 1 | AD39: 1 | AE39: 10GE多模/LC | AF39: =VLOOKUP(AG39,'00设备表'!$D:$F,3,0) -> HW105-01 | AG39: 政务外网区核心交换机-1 | AH39: =VLOOKUP(AG39,'00设备表'!$D:$F,2,0) -> 华为CE8865-4C | AI39: 3/3
B40: 4 | C40: GE电口 | K40: 4 | L40: GE电口 | U40: 2 | V40: 10GE多模/LC | W40: =VLOOKUP(X40,'00设备表'!$D:$F,3,0) -> HW105-01 | X40: 政务外网区核心交换机-1 | Y40: =VLOOKUP(X40,'00设备表'!$D:$F,2,0) -> 华为CE8865-4C | Z40: 3/2 | AD40: 2 | AE40: 10GE多模/LC | AF40: =VLOOKUP(AG40,'00设备表'!$D:$F,3,0) -> HW105-01 | AG40: 政务外网区核心交换机-1 | AH40: =VLOOKUP(AG40,'00设备表'!$D:$F,2,0) -> 华为CE8865-4C | AI40: 3/4
B41: 5 | C41: GE电口 | K41: 5 | L41: GE电口 | U41: 3 | V41: 10GE多模/LC | W41: =VLOOKUP(X41,'00设备表'!$D:$F,3,0) -> HW105-02 | X41: 政务外网区核心交换机-2 | Y41: =VLOOKUP(X41,'00设备表'!$D:$F,2,0) -> 华为CE8865-4C | Z41: 3/1 | AD41: 3 | AE41: 10GE多模/LC | AF41: =VLOOKUP(AG41,'00设备表'!$D:$F,3,0) -> HW105-02 | AG41: 政务外网区核心交换机-2 | AH41: =VLOOKUP(AG41,'00设备表'!$D:$F,2,0) -> 华为CE8865-4C | AI41: 3/3
B42: 6 | C42: GE电口 | K42: 6 | L42: GE电口 | U42: 4 | V42: 10GE多模/LC | W42: =VLOOKUP(X42,'00设备表'!$D:$F,3,0) -> HW105-02 | X42: 政务外网区核心交换机-2 | Y42: =VLOOKUP(X42,'00设备表'!$D:$F,2,0) -> 华为CE8865-4C | Z42: 3/2 | AD42: 4 | AE42: 10GE多模/LC | AF42: =VLOOKUP(AG42,'00设备表'!$D:$F,3,0) -> HW105-02 | AG42: 政务外网区核心交换机-2 | AH42: =VLOOKUP(AG42,'00设备表'!$D:$F,2,0) -> 华为CE8865-4C | AI42: 3/4
B43: 7 | C43: GE电口 | K43: 7 | L43: GE电口 | U43: 5 | V43: 10GE多模/LC | W43: =VLOOKUP(X43,'00设备表'!$D:$F,3,0) -> HW107-02 | X43: 互联网区核心交换机-1 | Y43: =VLOOKUP(X43,'00设备表'!$D:$F,2,0) -> 华为CE8865-4C | Z43: 2/1 | AD43: 5 | AE43: 10GE多模/LC | AF43: =VLOOKUP(AG43,'00设备表'!$D:$F,3,0) -> HW107-02 | AG43: 互联网区核心交换机-1 | AH43: =VLOOKUP(AG43,'00设备表'!$D:$F,2,0) -> 华为CE8865-4C | AI43: 2/3
B44: 8 | C44: GE电口 | K44: 8 | L44: GE电口 | U44: 6 | V44: 10GE多模/LC | W44: =VLOOKUP(X44,'00设备表'!$D:$F,3,0) -> HW107-02 | X44: 互联网区核心交换机-1 | Y44: =VLOOKUP(X44,'00设备表'!$D:$F,2,0) -> 华为CE8865-4C | Z44: 2/2 | AD44: 6 | AE44: 10GE多模/LC | AF44: =VLOOKUP(AG44,'00设备表'!$D:$F,3,0) -> HW107-02 | AG44: 互联网区核心交换机-1 | AH44: =VLOOKUP(AG44,'00设备表'!$D:$F,2,0) -> 华为CE8865-4C | AI44: 2/4
B45: 9 | C45: GE电口 | K45: 9 | L45: GE电口 | U45: 7 | V45: 10GE多模/LC | W45: =VLOOKUP(X45,'00设备表'!$D:$F,3,0) -> HW107-03 | X45: 互联网区核心交换机-2 | Y45: =VLOOKUP(X45,'00设备表'!$D:$F,2,0) -> 华为CE8865-4C | Z45: 2/1 | AD45: 7 | AE45: 10GE多模/LC | AF45: =VLOOKUP(AG45,'00设备表'!$D:$F,3,0) -> HW107-03 | AG45: 互联网区核心交换机-2 | AH45: =VLOOKUP(AG45,'00设备表'!$D:$F,2,0) -> 华为CE8865-4C | AI45: 2/3
B46: 10 | C46: GE电口 | K46: 10 | L46: GE电口 | U46: 8 | V46: 10GE多模/LC | W46: =VLOOKUP(X46,'00设备表'!$D:$F,3,0) -> HW107-03 | X46: 互联网区核心交换机-2 | Y46: =VLOOKUP(X46,'00设备表'!$D:$F,2,0) -> 华为CE8865-4C | Z46: 2/2 | AD46: 8 | AE46: 10GE多模/LC | AF46: =VLOOKUP(AG46,'00设备表'!$D:$F,3,0) -> HW107-03 | AG46: 互联网区核心交换机-2 | AH46: =VLOOKUP(AG46,'00设备表'!$D:$F,2,0) -> 华为CE8865-4C | AI46: 2/4
B47: 11 | C47: GE电口 | K47: 11 | L47: GE电口 | U47: 9 | V47: 10GE多模/LC | W47: =VLOOKUP(X47,'00设备表'!$D:$F,3,0) -> HW108-07 | X47: 管理区核心交换机-1 | Y47: =VLOOKUP(X47,'00设备表'!$D:$F,2,0) -> 华为CE16804 | Z47: 2/1 | AD47: 9 | AE47: 10GE多模/LC | AF47: =VLOOKUP(AG47,'00设备表'!$D:$F,3,0) -> HW108-07 | AG47: 管理区核心交换机-1 | AH47: =VLOOKUP(AG47,'00设备表'!$D:$F,2,0) -> 华为CE16804 | AI47: 2/2
A48: 板载2 | B48: 0 | C48: 10GE单模/LC | D48: =VLOOKUP(E48,'00设备表'!$D:$F,3,0) -> YHXXX-00X | E48: ODF（崇左方向） | F48: =VLOOKUP(E48,'00设备表'!$D:$F,2,0) -> ODF | G48: 板载2/5 | H48: ODF架（政务外网区出口防火墙-1） | J48: 板载2 | K48: 0 | L48: 10GE单模/LC | M48: =VLOOKUP(N48,'00设备表'!$D:$F,3,0) -> YHXXX-00X | N48: ODF（崇左方向） | O48: =VLOOKUP(N48,'00设备表'!$D:$F,2,0) -> ODF | P48: 板载2/5 | Q48: ODF架（互联网区出口防火墙-1） | U48: 10 | V48: 10GE多模/LC | W48: =VLOOKUP(X48,'00设备表'!$D:$F,3,0) -> HW108-09 | X48: 管理区核心交换机-2 | Y48: =VLOOKUP(X48,'00设备表'!$D:$F,2,0) -> 华为CE16804 | Z48: 2/1 | AD48: 10 | AE48: 10GE多模/LC | AF48: =VLOOKUP(AG48,'00设备表'!$D:$F,3,0) -> HW108-09 | AG48: 管理区核心交换机-2 | AH48: =VLOOKUP(AG48,'00设备表'!$D:$F,2,0) -> 华为CE16804 | AI48: 2/2
B49: 1 | C49: 10GE多模/LC | D49: =VLOOKUP(E49,'00设备表'!$D:$F,3,0) -> 01-15 | E49: 政务外网区异地存储服务器-1 | F49: =VLOOKUP(E49,'00设备表'!$D:$F,2,0) -> 中兴R5530 G2 | G49: 10GE-1 | K49: 1 | L49: 10GE多模/LC | M49: =VLOOKUP(N49,'00设备表'!$D:$F,3,0) -> 01-15 | N49: 互联网区异地存储服务器-1 | O49: =VLOOKUP(N49,'00设备表'!$D:$F,2,0) -> 中兴R5530 G2 | P49: 10GE-1 | U49: 11 | V49: 10GE多模/LC | W49: =VLOOKUP(X49,'00设备表'!$D:$F,3,0) -> HW108-07 | X49: 运维区万兆管理交换机-1 | Y49: =VLOOKUP(X49,'00设备表'!$D:$F,2,0) -> 华为CE6881H | Z49: 0/3 | AD49: 11 | AE49: 10GE多模/LC | AF49: =VLOOKUP(AG49,'00设备表'!$D:$F,3,0) -> HW108-09 | AG49: 运维区万兆管理交换机-2 | AH49: =VLOOKUP(AG49,'00设备表'!$D:$F,2,0) -> 华为CE6881H | AI49: 0/3
B50: 2 | C50: 10GE多模/LC | D50: =VLOOKUP(E50,'00设备表'!$D:$F,3,0) -> 01-15 | E50: 政务外网区异地存储服务器-1 | F50: =VLOOKUP(E50,'00设备表'!$D:$F,2,0) -> 中兴R5530 G2 | G50: 10GE-2 | K50: 2 | L50: 10GE多模/LC | M50: =VLOOKUP(N50,'00设备表'!$D:$F,3,0) -> 01-15 | N50: 互联网区异地存储服务器-1 | O50: =VLOOKUP(N50,'00设备表'!$D:$F,2,0) -> 中兴R5530 G2 | P50: 10GE-2 | U50: 12 | V50: 10GE多模/LC | AD50: 12 | AE50: 10GE多模/LC
B51: 3 | C51: 10GE多模/LC | K51: 3 | L51: 10GE多模/LC | U51: 13 | V51: 10GE多模/LC | AD51: 13 | AE51: 10GE多模/LC
B52: 4 | C52: 10GE多模/LC | K52: 4 | L52: 10GE多模/LC | U52: 14 | V52: 10GE多模/LC | AD52: 14 | AE52: 10GE多模/LC
B53: 5 | C53: 10GE多模/LC | K53: 5 | L53: 10GE多模/LC | U53: 15 | V53: 10GE多模/LC | AD53: 15 | AE53: 10GE多模/LC
B54: 6 | C54: 10GE多模/LC | K54: 6 | L54: 10GE多模/LC | U54: 16 | V54: 10GE多模/LC | AD54: 16 | AE54: 10GE多模/LC
B55: 7 | C55: 10GE多模/LC | K55: 7 | L55: 10GE多模/LC | U55: 17 | V55: 10GE多模/LC | AD55: 17 | AE55: 10GE多模/LC
B56: 8 | C56: 10GE多模/LC | K56: 8 | L56: 10GE多模/LC | U56: 18 | V56: 10GE多模/LC | AD56: 18 | AE56: 10GE多模/LC
B57: 9 | C57: 10GE多模/LC | K57: 9 | L57: 10GE多模/LC | U57: 19 | V57: 10GE多模/LC | AD57: 19 | AE57: 10GE多模/LC
U58: 20 | V58: 10GE多模/LC | AD58: 20 | AE58: 10GE多模/LC
T59: 2 | U59: 1 | V59: 40GE多模/LC | W59: =VLOOKUP(X59,'00设备表'!$D:$F,3,0) -> HW108-09 | X59: =$AD$34 -> 管理区防火墙-2 | Y59: =VLOOKUP(X59,'00设备表'!$D:$F,2,0) -> 华为1000E-F125 | Z59: 2/1 | AA59: 主备互联 | AC59: 2 | AD59: 1 | AE59: 40GE多模/LC | AF59: =VLOOKUP(AG59,'00设备表'!$D:$F,3,0) -> HW108-07 | AG59: =$U$34 -> 管理区防火墙-1 | AH59: =VLOOKUP(AG59,'00设备表'!$D:$F,2,0) -> 华为1000E-F125 | AI59: 2/1 | AJ59: 主备互联
U60: 2 | V60: 40GE多模/LC | W60: =VLOOKUP(X60,'00设备表'!$D:$F,3,0) -> HW108-09 | X60: =$AD$34 -> 管理区防火墙-2 | Y60: =VLOOKUP(X60,'00设备表'!$D:$F,2,0) -> 华为1000E-F125 | Z60: 2/2 | AA60: 主备互联 | AD60: 2 | AE60: 40GE多模/LC | AF60: =VLOOKUP(AG60,'00设备表'!$D:$F,3,0) -> HW108-07 | AG60: =$U$34 -> 管理区防火墙-1 | AH60: =VLOOKUP(AG60,'00设备表'!$D:$F,2,0) -> 华为1000E-F125 | AI60: 2/2 | AJ60: 主备互联
U61: 3 | V61: 40GE多模/LC | AD61: 3 | AE61: 40GE多模/LC
U62: 4 | V62: 40GE多模/LC | AD62: 4 | AE62: 40GE多模/LC

Sheet 03出口交换机(2台)
A1: =VLOOKUP(B1,'00设备表'!$D:$F,3,0) -> HW107-02 | B1: ='00设备表'!D73 -> 互联网区出口交换机-1 | C1: =VLOOKUP(B1,'00设备表'!$D:$F,2,0) -> 华为CE6881H | K1: =VLOOKUP(L1,'00设备表'!$D:$F,3,0) -> HW107-03 | L1: ='00设备表'!D82 -> 互联网区出口交换机-2 | M1: =VLOOKUP(L1,'00设备表'!$D:$F,2,0) -> 华为CE6881H | V1: =VLOOKUP(W1,'00设备表'!$D:$F,3,0) -> HW107-08 | W1: ='00设备表'!D129 -> 互联网区计算节点-2 | X1: =VLOOKUP(W1,'00设备表'!$D:$F,2,0) -> 烽火R220K V2 | AF1: =VLOOKUP(AG1,'00设备表'!$D:$F,3,0) -> HW108-01 | AG1: ='00设备表'!D130 -> 互联网区万兆存储交换机-1 | AH1: =VLOOKUP(AG1,'00设备表'!$D:$F,2,0) -> 华为CE6881H
A2: 槽位号 | B2: 板卡名称 | C2: 端口号 | D2: 模块型号 | E2: 对端设备位置 | F2: 对端设备名称 | G2: 对端设备型号 | H2: 对端设备端口号 | I2: 备注 | K2: 槽位号 | L2: 板卡名称 | M2: 端口号 | N2: 模块型号 | O2: 对端设备位置 | P2: 对端设备名称 | Q2: 对端设备型号 | R2: 对端设备端口号 | S2: 备注 | V2: 槽位号 | W2: 板卡名称 | X2: 端口号 | Y2: 模块型号 | Z2: 对端设备位置 | AA2: 对端设备名称 | AB2: 对端设备型号 | AC2: 对端设备端口号 | AD2: 备注 | AF2: 槽位号 | AG2: 板卡名称 | AH2: 端口号 | AI2: 模块型号 | AJ2: 对端设备位置 | AK2: 对端设备名称 | AL2: 对端设备型号 | AM2: 对端设备端口号 | AN2: 备注
A3: 串口 | D3: 电口 | K3: 串口 | N3: 电口 | V3: 串口 | Y3: 电口 | AF3: 串口 | AI3: 电口
A4: 管理口 | D4: 电口 | E4: =VLOOKUP(F4,'00设备表'!$D:$F,3,0) -> HW107-03 | F4: 互联网区千兆BMC交换机-1 | G4: =VLOOKUP(F4,'00设备表'!$D:$F,2,0) -> 华为5855 | H4: 0/3 | K4: 管理口 | N4: 电口 | O4: =VLOOKUP(P4,'00设备表'!$D:$F,3,0) -> HW107-03 | P4: 互联网区千兆BMC交换机-1 | Q4: =VLOOKUP(P4,'00设备表'!$D:$F,2,0) -> 华为5855 | R4: 0/4 | V4: 管理口 | Y4: 电口 | Z4: =VLOOKUP(AA4,'00设备表'!$D:$F,3,0) -> #N/A | AA4: 互联网区带外管理交换机-1 | AB4: =VLOOKUP(AA4,'00设备表'!$D:$F,2,0) -> #N/A | AC4: 0/11 | AF4: 管理口 | AI4: 电口 | AJ4: =VLOOKUP(AK4,'00设备表'!$D:$F,3,0) -> #N/A | AK4: 互联网区带外管理交换机-1 | AL4: =VLOOKUP(AK4,'00设备表'!$D:$F,2,0) -> #N/A | AM4: 0/12
A5: 0 | B5: 48端口 10GE光口 | C5: 1 | D5: 10GE多模/LC | E5: =VLOOKUP(F5,'00设备表'!$D:$F,3,0) -> HW107-02 | F5: 互联网区出口防火墙-1 | G5: =VLOOKUP(F5,'00设备表'!$D:$F,2,0) -> 华为1000E-F55 | H5: 板载2/0 | K5: 0 | L5: 48端口 10GE光口 | M5: 1 | N5: 10GE多模/LC | O5: =VLOOKUP(P5,'00设备表'!$D:$F,3,0) -> HW107-02 | P5: 互联网区出口防火墙-1 | Q5: =VLOOKUP(P5,'00设备表'!$D:$F,2,0) -> 华为1000E-F55 | R5: 板载2/1 | V5: 0 | W5: 48端口 10GE光口 | X5: 1 | Y5: 10GE多模/LC | AF5: 0 | AG5: 48端口 10GE光口 | AH5: 1 | AI5: 10GE多模/LC
C6: 2 | D6: 10GE多模/LC | E6: =VLOOKUP(F6,'00设备表'!$D:$F,3,0) -> HW107-03 | F6: 互联网区出口防火墙-2 | G6: =VLOOKUP(F6,'00设备表'!$D:$F,2,0) -> 华为1000E-F55 | H6: 板载2/0 | M6: 2 | N6: 10GE多模/LC | O6: =VLOOKUP(P6,'00设备表'!$D:$F,3,0) -> HW107-03 | P6: 互联网区出口防火墙-2 | Q6: =VLOOKUP(P6,'00设备表'!$D:$F,2,0) -> 华为1000E-F55 | R6: 板载2/1 | X6: 2 | Y6: 10GE多模/LC | AH6: 2 | AI6: 10GE多模/LC
C7: 3 | D7: 10GE多模/LC | E7: =VLOOKUP(F7,'00设备表'!$D:$F,3,0) -> HW107-02 | F7: 互联网区分光器-1 | G7: =VLOOKUP(F7,'00设备表'!$D:$F,2,0) -> 华为OOSSMRC00 | H7: 10GE-1 | M7: 3 | N7: 10GE多模/LC | O7: =VLOOKUP(P7,'00设备表'!$D:$F,3,0) -> HW107-03 | P7: 互联网区分光器-2 | Q7: =VLOOKUP(P7,'00设备表'!$D:$F,2,0) -> 华为OOSSMRC00 | R7: 10GE-1 | X7: 3 | Y7: 10GE多模/LC | AH7: 3 | AI7: 10GE多模/LC
C8: 4 | D8: 10GE多模/LC | E8: =VLOOKUP(F8,'00设备表'!$D:$F,3,0) -> #N/A | F8: 互联网区抗DDOS清洗-2 | G8: =VLOOKUP(F8,'00设备表'!$D:$F,2,0) -> #N/A | H8: 板载3/1 | M8: 4 | N8: 10GE多模/LC | O8: =VLOOKUP(P8,'00设备表'!$D:$F,3,0) -> #N/A | P8: 互联网区抗DDOS清洗-2 | Q8: =VLOOKUP(P8,'00设备表'!$D:$F,2,0) -> #N/A | R8: 板载3/3 | X8: 4 | Y8: 10GE多模/LC | AH8: 4 | AI8: 10GE多模/LC
C9: 5 | D9: 10GE多模/LC | E9: =VLOOKUP(F9,'00设备表'!$D:$F,3,0) -> #N/A | F9: 互联网区抗DDOS清洗-2 | G9: =VLOOKUP(F9,'00设备表'!$D:$F,2,0) -> #N/A | H9: 板载3/2 | M9: 5 | N9: 10GE多模/LC | O9: =VLOOKUP(P9,'00设备表'!$D:$F,3,0) -> #N/A | P9: 互联网区抗DDOS清洗-2 | Q9: =VLOOKUP(P9,'00设备表'!$D:$F,2,0) -> #N/A | R9: 板载3/4 | X9: 5 | Y9: 10GE多模/LC | AH9: 5 | AI9: 10GE多模/LC
C10: 6 | D10: 10GE多模/LC | M10: 6 | N10: 10GE多模/LC | X10: 6 | Y10: 10GE多模/LC | AH10: 6 | AI10: 10GE多模/LC
C11: 7 | D11: 10GE多模/LC | M11: 7 | N11: 10GE多模/LC | X11: 7 | Y11: 10GE多模/LC | AH11: 7 | AI11: 10GE多模/LC
C12: 8 | D12: 10GE多模/LC | M12: 8 | N12: 10GE多模/LC | X12: 8 | Y12: 10GE多模/LC | AH12: 8 | AI12: 10GE多模/LC
C13: 9 | D13: 10GE多模/LC | M13: 9 | N13: 10GE多模/LC | X13: 9 | Y13: 10GE多模/LC | AH13: 9 | AI13: 10GE多模/LC
C14: 10 | D14: 10GE多模/LC | M14: 10 | N14: 10GE多模/LC | X14: 10 | Y14: 10GE多模/LC | AH14: 10 | AI14: 10GE多模/LC
C15: 11 | D15: 10GE多模/LC | M15: 11 | N15: 10GE多模/LC | X15: 11 | Y15: 10GE多模/LC | AH15: 11 | AI15: 10GE多模/LC
C16: 12 | D16: 10GE多模/LC | M16: 12 | N16: 10GE多模/LC | X16: 12 | Y16: 10GE多模/LC | AH16: 12 | AI16: 10GE多模/LC
C17: 13 | D17: 10GE多模/LC | M17: 13 | N17: 10GE多模/LC | X17: 13 | Y17: 10GE多模/LC | AH17: 13 | AI17: 10GE多模/LC
C18: 14 | D18: 10GE多模/LC | M18: 14 | N18: 10GE多模/LC | X18: 14 | Y18: 10GE多模/LC | AH18: 14 | AI18: 10GE多模/LC
C19: 15 | D19: 10GE多模/LC | M19: 15 | N19: 10GE多模/LC | X19: 15 | Y19: 10GE多模/LC | AH19: 15 | AI19: 10GE多模/LC
C20: 16 | D20: 10GE多模/LC | M20: 16 | N20: 10GE多模/LC | X20: 16 | Y20: 10GE多模/LC | AH20: 16 | AI20: 10GE多模/LC
C21: 17 | D21: 10GE多模/LC | M21: 17 | N21: 10GE多模/LC | X21: 17 | Y21: 10GE多模/LC | AH21: 17 | AI21: 10GE多模/LC
... C50: 46 | D50: 10GE多模/LC | M50: 46 | N50: 10GE多模/LC | X50: 46 | Y50: 10GE多模/LC | AH50: 46 | AI50: 10GE多模/LC
C51: 47 | D51: 10GE多模/LC | E51: =VLOOKUP(F51,'00设备表'!$D:$F,3,0) -> HW107-03 | F51: =$L$1 -> 互联网区出口交换机-2 | G51: =VLOOKUP(F51,'00设备表'!$D:$F,2,0) -> 华为CE6881H | H51: 0/47 | I51: M-LAG检测 | M51: 47 | N51: 10GE多模/LC | O51: =VLOOKUP(P51,'00设备表'!$D:$F,3,0) -> HW107-02 | P51: =$B$1 -> 互联网区出口交换机-1 | Q51: =VLOOKUP(P51,'00设备表'!$D:$F,2,0) -> 华为CE6881H | R51: 0/47 | S51: M-LAG检测 | X51: 47 | Y51: 10GE多模/LC | Z51: =VLOOKUP(AA51,'00设备表'!$D:$F,3,0) -> HW108-01 | AA51: =$AG$1 -> 互联网区万兆存储交换机-1 | AB51: =VLOOKUP(AA51,'00设备表'!$D:$F,2,0) -> 华为CE6881H | AC51: 0/1/1/47 | AD51: M-LAG检测 | AH51: 47 | AI51: 10GE多模/LC | AJ51: =VLOOKUP(AK51,'00设备表'!$D:$F,3,0) -> HW107-08 | AK51: =$W$1 -> 互联网区计算节点-2 | AL51: =VLOOKUP(AK51,'00设备表'!$D:$F,2,0) -> 烽火R220K V2 | AM51: 0/1/1/47 | AN51: M-LAG检测
C52: 48 | D52: 10GE多模/LC | E52: =VLOOKUP(F52,'00设备表'!$D:$F,3,0) -> HW107-03 | F52: =$L$1 -> 互联网区出口交换机-2 | G52: =VLOOKUP(F52,'00设备表'!$D:$F,2,0) -> 华为CE6881H | H52: 0/48 | I52: M-LAG检测 | M52: 48 | N52: 10GE多模/LC | O52: =VLOOKUP(P52,'00设备表'!$D:$F,3,0) -> HW107-02 | P52: =$B$1 -> 互联网区出口交换机-1 | Q52: =VLOOKUP(P52,'00设备表'!$D:$F,2,0) -> 华为CE6881H | R52: 0/48 | S52: M-LAG检测 | X52: 48 | Y52: 10GE多模/LC | Z52: =VLOOKUP(AA52,'00设备表'!$D:$F,3,0) -> HW108-01 | AA52: =$AG$1 -> 互联网区万兆存储交换机-1 | AB52: =VLOOKUP(AA52,'00设备表'!$D:$F,2,0) -> 华为CE6881H | AC52: 0/1/1/48 | AD52: M-LAG检测 | AH52: 48 | AI52: 10GE多模/LC | AJ52: =VLOOKUP(AK52,'00设备表'!$D:$F,3,0) -> HW107-08 | AK52: =$W$1 -> 互联网区计算节点-2 | AL52: =VLOOKUP(AK52,'00设备表'!$D:$F,2,0) -> 烽火R220K V2 | AM52: 0/1/1/48 | AN52: M-LAG检测
B53: 6端口 40G光口 | C53: 49 | D53: 40GE多模/LC | E53: =VLOOKUP(F53,'00设备表'!$D:$F,3,0) -> HW107-02 | F53: 互联网区核心交换机-1 | G53: =VLOOKUP(F53,'00设备表'!$D:$F,2,0) -> 华为CE8865-4C | H53: 2/4 | L53: 6端口 40G光口 | M53: 49 | N53: 40GE多模/LC | O53: =VLOOKUP(P53,'00设备表'!$D:$F,3,0) -> HW107-02 | P53: 互联网区核心交换机-1 | Q53: =VLOOKUP(P53,'00设备表'!$D:$F,2,0) -> 华为CE8865-4C | R53: 3/4 | W53: 6端口 40G光口 | X53: 49 | Y53: 40GE多模/LC | Z53: =VLOOKUP(AA53,'00设备表'!$D:$F,3,0) -> HW107-02 | AA53: 互联网区核心交换机-1 | AB53: =VLOOKUP(AA53,'00设备表'!$D:$F,2,0) -> 华为CE8865-4C | AC53: 2/4 | AG53: 6端口 40G光口 | AH53: 49 | AI53: 40GE多模/LC | AJ53: =VLOOKUP(AK53,'00设备表'!$D:$F,3,0) -> HW107-02 | AK53: 互联网区核心交换机-1 | AL53: =VLOOKUP(AK53,'00设备表'!$D:$F,2,0) -> 华为CE8865-4C | AM53: 3/4
C54: 50 | D54: 40GE多模/LC | E54: =VLOOKUP(F54,'00设备表'!$D:$F,3,0) -> HW107-03 | F54: 互联网区核心交换机-2 | G54: =VLOOKUP(F54,'00设备表'!$D:$F,2,0) -> 华为CE8865-4C | H54: 2/4 | M54: 50 | N54: 40GE多模/LC | O54: =VLOOKUP(P54,'00设备表'!$D:$F,3,0) -> HW107-03 | P54: 互联网区核心交换机-2 | Q54: =VLOOKUP(P54,'00设备表'!$D:$F,2,0) -> 华为CE8865-4C | R54: 3/4 | X54: 50 | Y54: 40GE多模/LC | Z54: =VLOOKUP(AA54,'00设备表'!$D:$F,3,0) -> HW107-03 | AA54: 互联网区核心交换机-2 | AB54: =VLOOKUP(AA54,'00设备表'!$D:$F,2,0) -> 华为CE8865-4C | AC54: 2/4 | AH54: 50 | AI54: 40GE多模/LC | AJ54: =VLOOKUP(AK54,'00设备表'!$D:$F,3,0) -> HW107-03 | AK54: 互联网区核心交换机-2 | AL54: =VLOOKUP(AK54,'00设备表'!$D:$F,2,0) -> 华为CE8865-4C | AM54: 3/4
C55: 51 | D55: 40GE多模/LC | M55: 51 | N55: 40GE多模/LC | X55: 51 | Y55: 40GE多模/LC | Z55: =VLOOKUP(AA55,'00设备表'!$D:$F,3,0) -> HW107-02 | AA55: 互联网区核心交换机-1 | AB55: =VLOOKUP(AA55,'00设备表'!$D:$F,2,0) -> 华为CE8865-4C | AC55: 2/11 | AH55: 51 | AI55: 40GE多模/LC | AJ55: =VLOOKUP(AK55,'00设备表'!$D:$F,3,0) -> HW107-02 | AK55: 互联网区核心交换机-1 | AL55: =VLOOKUP(AK55,'00设备表'!$D:$F,2,0) -> 华为CE8865-4C | AM55: 3/11
C56: 52 | D56: 40GE多模/LC | M56: 52 | N56: 40GE多模/LC | X56: 52 | Y56: 40GE多模/LC | Z56: =VLOOKUP(AA56,'00设备表'!$D:$F,3,0) -> HW107-03 | AA56: 互联网区核心交换机-2 | AB56: =VLOOKUP(AA56,'00设备表'!$D:$F,2,0) -> 华为CE8865-4C | AC56: 2/11 | AH56: 52 | AI56: 40GE多模/LC | AJ56: =VLOOKUP(AK56,'00设备表'!$D:$F,3,0) -> HW107-03 | AK56: 互联网区核心交换机-2 | AL56: =VLOOKUP(AK56,'00设备表'!$D:$F,2,0) -> 华为CE8865-4C | AM56: 3/11
C57: 53 | D57: 40GE多模/LC | E57: =VLOOKUP(F57,'00设备表'!$D:$F,3,0) -> HW107-03 | F57: =$L$1 -> 互联网区出口交换机-2 | G57: =VLOOKUP(F57,'00设备表'!$D:$F,2,0) -> 华为CE6881H | H57: 0/53 | I57: M-LAG | M57: 53 | N57: 40GE多模/LC | O57: =VLOOKUP(P57,'00设备表'!$D:$F,3,0) -> HW107-02 | P57: =$B$1 -> 互联网区出口交换机-1 | Q57: =VLOOKUP(P57,'00设备表'!$D:$F,2,0) -> 华为CE6881H | R57: 0/53 | S57: M-LAG | X57: 53 | Y57: 40GE多模/LC | Z57: =VLOOKUP(AA57,'00设备表'!$D:$F,3,0) -> HW108-01 | AA57: =$AG$1 -> 互联网区万兆存储交换机-1 | AB57: =VLOOKUP(AA57,'00设备表'!$D:$F,2,0) -> 华为CE6881H | AC57: 0/1/1/53 | AD57: M-LAG | AH57: 53 | AI57: 40GE多模/LC | AJ57: =VLOOKUP(AK57,'00设备表'!$D:$F,3,0) -> HW107-08 | AK57: =$W$1 -> 互联网区计算节点-2 | AL57: =VLOOKUP(AK57,'00设备表'!$D:$F,2,0) -> 烽火R220K V2 | AM57: 0/1/1/53 | AN57: M-LAG
C58: 54 | D58: 40GE多模/LC | E58: =VLOOKUP(F58,'00设备表'!$D:$F,3,0) -> HW107-03 | F58: =$L$1 -> 互联网区出口交换机-2 | G58: =VLOOKUP(F58,'00设备表'!$D:$F,2,0) -> 华为CE6881H | H58: 0/54 | I58: M-LAG | M58: 54 | N58: 40GE多模/LC | O58: =VLOOKUP(P58,'00设备表'!$D:$F,3,0) -> HW107-02 | P58: =$B$1 -> 互联网区出口交换机-1 | Q58: =VLOOKUP(P58,'00设备表'!$D:$F,2,0) -> 华为CE6881H | R58: 0/54 | S58: M-LAG | X58: 54 | Y58: 40GE多模/LC | Z58: =VLOOKUP(AA58,'00设备表'!$D:$F,3,0) -> HW108-01 | AA58: =$AG$1 -> 互联网区万兆存储交换机-1 | AB58: =VLOOKUP(AA58,'00设备表'!$D:$F,2,0) -> 华为CE6881H | AC58: 0/1/1/54 | AD58: M-LAG | AH58: 54 | AI58: 40GE多模/LC | AJ58: =VLOOKUP(AK58,'00设备表'!$D:$F,3,0) -> HW107-08 | AK58: =$W$1 -> 互联网区计算节点-2 | AL58: =VLOOKUP(AK58,'00设备表'!$D:$F,2,0) -> 烽火R220K V2 | AM58: 0/1/1/54 | AN58: M-LAG

Sheet 04业务（计算）交换机(4台)
A1: =VLOOKUP(B1,'00设备表'!$D:$F,3,0) -> HW105-06 | B1: ='00设备表'!D39 -> 政务外网区万兆业务交换机-1 | C1: =VLOOKUP(B1,'00设备表'!$D:$F,2,0) -> 华为CE6881H | K1: =VLOOKUP(L1,'00设备表'!$D:$F,3,0) -> HW105-08 | L1: ='00设备表'!D48 -> 政务外网区万兆业务交换机-2 | M1: =VLOOKUP(L1,'00设备表'!$D:$F,2,0) -> 华为CE6881H | V1: =VLOOKUP(W1,'00设备表'!$D:$F,3,0) -> HW107-07 | W1: ='00设备表'!D111 -> 互联网区万兆业务交换机-1 | X1: =VLOOKUP(W1,'00设备表'!$D:$F,2,0) -> 华为CE6881H | AF1: =VLOOKUP(AG1,'00设备表'!$D:$F,3,0) -> HW107-08 | AG1: ='00设备表'!D120 -> 互联网区万兆业务交换机-2 | AH1: =VLOOKUP(AG1,'00设备表'!$D:$F,2,0) -> 华为CE6881H
A2: 槽位号 | B2: 板卡名称 | C2: 端口号 | D2: 模块型号 | E2: 对端设备位置 | F2: 对端设备名称 | G2: 对端设备型号 | H2: 对端设备端口号 | I2: 备注 | K2: 槽位号 | L2: 板卡名称 | M2: 端口号 | N2: 模块型号 | O2: 对端设备位置 | P2: 对端设备名称 | Q2: 对端设备型号 | R2: 对端设备端口号 | S2: 备注 | V2: 槽位号 | W2: 板卡名称 | X2: 端口号 | Y2: 模块型号 | Z2: 对端设备位置 | AA2: 对端设备名称 | AB2: 对端设备型号 | AC2: 对端设备端口号 | AD2: 备注 | AF2: 槽位号 | AG2: 板卡名称 | AH2: 端口号 | AI2: 模块型号 | AJ2: 对端设备位置 | AK2: 对端设备名称 | AL2: 对端设备型号 | AM2: 对端设备端口号 | AN2: 备注
A3: 串口 | D3: 电口 | K3: 串口 | N3: 电口 | V3: 串口 | Y3: 电口 | AF3: 串口 | AI3: 电口
A4: 管理口 | D4: 电口 | E4: =VLOOKUP(F4,'00设备表'!$D:$F,3,0) -> HW105-02 | F4: 政务外网区千兆BMC交换机-1 | G4: =VLOOKUP(F4,'00设备表'!$D:$F,2,0) -> 华为5855 | H4: 0/3 | K4: 管理口 | N4: 电口 | O4: XXX-00XX机架 | P4: 政务外网区千兆BMC交换机-1 | Q4: =VLOOKUP(P4,'00设备表'!$D:$F,2,0) -> 华为5855 | R4: 0/4 | V4: 管理口 | Y4: 电口 | Z4: =VLOOKUP(AA4,'00设备表'!$D:$F,3,0) -> HW107-08 | AA4: 互联网区千兆BMC交换机-2 | AB4: =VLOOKUP(AA4,'00设备表'!$D:$F,2,0) -> 华为5855 | AC4: 0/1 | AF4: 管理口 | AI4: 电口 | AJ4: =VLOOKUP(AK4,'00设备表'!$D:$F,3,0) -> HW107-08 | AK4: 互联网区千兆BMC交换机-2 | AL4: =VLOOKUP(AK4,'00设备表'!$D:$F,2,0) -> 华为5855 | AM4: 0/2
A5: 0 | B5: 48端口 10GE光口 | C5: 1 | D5: 10GE多模/LC | E5: =VLOOKUP(F5,'00设备表'!$D:$F,3,0) -> HW105-06 | F5: 政务外网区增强型网络节点-1 | G5: =VLOOKUP(F5,'00设备表'!$D:$F,2,0) -> 烽火R220K V2 | H5: 10GE-1 | K5: 0 | L5: 48端口 10GE光口 | M5: 1 | N5: 10GE多模/LC | O5: =VLOOKUP(P5,'00设备表'!$D:$F,3,0) -> HW105-06 | P5: 政务外网区增强型网络节点-1 | Q5: =VLOOKUP(P5,'00设备表'!$D:$F,2,0) -> 烽火R220K V2 | R5: 10GE-4 | V5: 0 | W5: 48端口 10GE光口 | X5: 1 | Y5: 10GE多模/LC | Z5: =VLOOKUP(AA5,'00设备表'!$D:$F,3,0) -> HW107-07 | AA5: 互联网区增强型网络节点-1 | AB5: =VLOOKUP(AA5,'00设备表'!$D:$F,2,0) -> 烽火R220K V2 | AC5: 10GE-1 | AF5: 0 | AG5: 48端口 10GE光口 | AH5: 1 | AI5: 10GE多模/LC | AJ5: =VLOOKUP(AK5,'00设备表'!$D:$F,3,0) -> HW107-07 | AK5: 互联网区增强型网络节点-1 | AL5: =VLOOKUP(AK5,'00设备表'!$D:$F,2,0) -> 烽火R220K V2 | AM5: 10GE-4
C6: 2 | D6: 10GE多模/LC | E6: =VLOOKUP(F6,'00设备表'!$D:$F,3,0) -> HW105-06 | F6: 政务外网区增强型网络节点-1 | G6: =VLOOKUP(F6,'00设备表'!$D:$F,2,0) -> 烽火R220K V2 | H6: 10GE-2 | M6: 2 | N6: 10GE多模/LC | O6: =VLOOKUP(P6,'00设备表'!$D:$F,3,0) -> HW105-06 | P6: 政务外网区增强型网络节点-1 | Q6: =VLOOKUP(P6,'00设备表'!$D:$F,2,0) -> 烽火R220K V2 | R6: 10GE-5 | X6: 2 | Y6: 10GE多模/LC | Z6: =VLOOKUP(AA6,'00设备表'!$D:$F,3,0) -> HW107-07 | AA6: 互联网区增强型网络节点-1 | AB6: =VLOOKUP(AA6,'00设备表'!$D:$F,2,0) -> 烽火R220K V2 | AC6: 10GE-2 | AH6: 2 | AI6: 10GE多模/LC | AJ6: =VLOOKUP(AK6,'00设备表'!$D:$F,3,0) -> HW107-07 | AK6: 互联网区增强型网络节点-1 | AL6: =VLOOKUP(AK6,'00设备表'!$D:$F,2,0) -> 烽火R220K V2 | AM6: 10GE-5
C7: 3 | D7: 10GE多模/LC | E7: =VLOOKUP(F7,'00设备表'!$D:$F,3,0) -> HW105-06 | F7: 政务外网区增强型网络节点-1 | G7: =VLOOKUP(F7,'00设备表'!$D:$F,2,0) -> 烽火R220K V2 | H7: 10GE-3 | M7: 3 | N7: 10GE多模/LC | O7: =VLOOKUP(P7,'00设备表'!$D:$F,3,0) -> HW105-06 | P7: 政务外网区增强型网络节点-1 | Q7: =VLOOKUP(P7,'00设备表'!$D:$F,2,0) -> 烽火R220K V2 | R7: 10GE-6 | X7: 3 | Y7: 10GE多模/LC | Z7: =VLOOKUP(AA7,'00设备表'!$D:$F,3,0) -> HW107-07 | AA7: 互联网区增强型网络节点-1 | AB7: =VLOOKUP(AA7,'00设备表'!$D:$F,2,0) -> 烽火R220K V2 | AC7: 10GE-3 | AH7: 3 | AI7: 10GE多模/LC | AJ7: =VLOOKUP(AK7,'00设备表'!$D:$F,3,0) -> HW107-07 | AK7: 互联网区增强型网络节点-1 | AL7: =VLOOKUP(AK7,'00设备表'!$D:$F,2,0) -> 烽火R220K V2 | AM7: 10GE-6
C8: 4 | D8: 10GE多模/LC | E8: =VLOOKUP(F8,'00设备表'!$D:$F,3,0) -> HW105-06 | F8: 政务外网区网络节点-1 | G8: =VLOOKUP(F8,'00设备表'!$D:$F,2,0) -> 烽火R220K V2 | H8: 10GE-1 | M8: 4 | N8: 10GE多模/LC | O8: =VLOOKUP(P8,'00设备表'!$D:$F,3,0) -> HW105-06 | P8: 政务外网区网络节点-1 | Q8: =VLOOKUP(P8,'00设备表'!$D:$F,2,0) -> 烽火R220K V2 | R8: 10GE-2 | X8: 4 | Y8: 10GE多模/LC | Z8: =VLOOKUP(AA8,'00设备表'!$D:$F,3,0) -> HW107-07 | AA8: 互联网区网络节点-1 | AB8: =VLOOKUP(AA8,'00设备表'!$D:$F,2,0) -> 烽火R220K V2 | AC8: 10GE-1 | AH8: 4 | AI8: 10GE多模/LC | AJ8: =VLOOKUP(AK8,'00设备表'!$D:$F,3,0) -> HW107-07 | AK8: 互联网区网络节点-1 | AL8: =VLOOKUP(AK8,'00设备表'!$D:$F,2,0) -> 烽火R220K V2 | AM8: 10GE-2
C9: 5 | D9: 10GE多模/LC | E9: =VLOOKUP(F9,'00设备表'!$D:$F,3,0) -> HW105-08 | F9: 政务外网区网络节点-2 | G9: =VLOOKUP(F9,'00设备表'!$D:$F,2,0) -> 烽火R220K V2 | H9: 10GE-1 | M9: 5 | N9: 10GE多模/LC | O9: =VLOOKUP(P9,'00设备表'!$D:$F,3,0) -> HW105-08 | P9: 政务外网区网络节点-2 | Q9: =VLOOKUP(P9,'00设备表'!$D:$F,2,0) -> 烽火R220K V2 | R9: 10GE-2 | X9: 5 | Y9: 10GE多模/LC | Z9: =VLOOKUP(AA9,'00设备表'!$D:$F,3,0) -> HW107-08 | AA9: 互联网区网络节点-2 | AB9: =VLOOKUP(AA9,'00设备表'!$D:$F,2,0) -> 烽火R220K V2 | AC9: 10GE-1 | AH9: 5 | AI9: 10GE多模/LC | AJ9: =VLOOKUP(AK9,'00设备表'!$D:$F,3,0) -> HW107-08 | AK9: 互联网区网络节点-2 | AL9: =VLOOKUP(AK9,'00设备表'!$D:$F,2,0) -> 烽火R220K V2 | AM9: 10GE-2
C10: 6 | D10: 10GE多模/LC | E10: =VLOOKUP(F10,'00设备表'!$D:$F,3,0) -> HW105-06 | F10: 政务外网区计算节点-1 | G10: =VLOOKUP(F10,'00设备表'!$D:$F,2,0) -> 烽火R220K V2 | H10: 10GE-1 | M10: 6 | N10: 10GE多模/LC | O10: =VLOOKUP(P10,'00设备表'!$D:$F,3,0) -> HW105-06 | P10: 政务外网区计算节点-1 | Q10: =VLOOKUP(P10,'00设备表'!$D:$F,2,0) -> 烽火R220K V2 | R10: 10GE-2 | X10: 6 | Y10: 10GE多模/LC | Z10: =VLOOKUP(AA10,'00设备表'!$D:$F,3,0) -> HW107-07 | AA10: 互联网区计算节点-1 | AB10: =VLOOKUP(AA10,'00设备表'!$D:$F,2,0) -> 烽火R220K V2 | AC10: 10GE-1 | AH10: 6 | AI10: 10GE多模/LC | AJ10: =VLOOKUP(AK10,'00设备表'!$D:$F,3,0) -> HW107-07 | AK10: 互联网区计算节点-1 | AL10: =VLOOKUP(AK10,'00设备表'!$D:$F,2,0) -> 烽火R220K V2 | AM10: 10GE-2
C11: 7 | D11: 10GE多模/LC | E11: =VLOOKUP(F11,'00设备表'!$D:$F,3,0) -> HW105-08 | F11: 政务外网区计算节点-2 | G11: =VLOOKUP(F11,'00设备表'!$D:$F,2,0) -> 烽火R220K V2 | H11: 10GE-1 | M11: 7 | N11: 10GE多模/LC | O11: =VLOOKUP(P11,'00设备表'!$D:$F,3,0) -> HW105-08 | P11: 政务外网区计算节点-2 | Q11: =VLOOKUP(P11,'00设备表'!$D:$F,2,0) -> 烽火R220K V2 | R11: 10GE-2 | X11: 7 | Y11: 10GE多模/LC | Z11: =VLOOKUP(AA11,'00设备表'!$D:$F,3,0) -> HW107-08 | AA11: 互联网区计算节点-2 | AB11: =VLOOKUP(AA11,'00设备表'!$D:$F,2,0) -> 烽火R220K V2 | AC11: 10GE-1 | AH11: 7 | AI11: 10GE多模/LC | AJ11: =VLOOKUP(AK11,'00设备表'!$D:$F,3,0) -> HW107-08 | AK11: 互联网区计算节点-2 | AL11: =VLOOKUP(AK11,'00设备表'!$D:$F,2,0) -> 烽火R220K V2 | AM11: 10GE-2
C12: 8 | D12: 10GE多模/LC | E12: =VLOOKUP(F12,'00设备表'!$D:$F,3,0) -> HW105-06 | F12: 政务外网区计算节点-3 | G12: =VLOOKUP(F12,'00设备表'!$D:$F,2,0) -> 烽火R220K V2 | H12: 10GE-1 | M12: 8 | N12: 10GE多模/LC | O12: =VLOOKUP(P12,'00设备表'!$D:$F,3,0) -> HW105-06 | P12: 政务外网区计算节点-3 | Q12: =VLOOKUP(P12,'00设备表'!$D:$F,2,0) -> 烽火R220K V2 | R12: 10GE-2 | X12: 8 | Y12: 10GE多模/LC | Z12: =VLOOKUP(AA12,'00设备表'!$D:$F,3,0) -> HW107-07 | AA12: 互联网区计算节点-3 | AB12: =VLOOKUP(AA12,'00设备表'!$D:$F,2,0) -> 烽火R220K V2 | AC12: 10GE-1 | AH12: 8 | AI12: 10GE多模/LC | AJ12: =VLOOKUP(AK12,'00设备表'!$D:$F,3,0) -> HW107-07 | AK12: 互联网区计算节点-3 | AL12: =VLOOKUP(AK12,'00设备表'!$D:$F,2,0) -> 烽火R220K V2 | AM12: 10GE-2
C13: 9 | D13: 10GE多模/LC | E13: =VLOOKUP(F13,'00设备表'!$D:$F,3,0) -> HW105-08 | F13: 政务外网区计算节点-4 | G13: =VLOOKUP(F13,'00设备表'!$D:$F,2,0) -> 烽火R220K V2 | H13: 10GE-1 | M13: 9 | N13: 10GE多模/LC | O13: =VLOOKUP(P13,'00设备表'!$D:$F,3,0) -> HW105-08 | P13: 政务外网区计算节点-4 | Q13: =VLOOKUP(P13,'00设备表'!$D:$F,2,0) -> 烽火R220K V2 | R13: 10GE-2 | X13: 9 | Y13: 10GE多模/LC | Z13: =VLOOKUP(AA13,'00设备表'!$D:$F,3,0) -> HW107-08 | AA13: 互联网区计算节点-4 | AB13: =VLOOKUP(AA13,'00设备表'!$D:$F,2,0) -> 烽火R220K V2 | AC13: 10GE-1 | AH13: 9 | AI13: 10GE多模/LC | AJ13: =VLOOKUP(AK13,'00设备表'!$D:$F,3,0) -> HW107-08 | AK13: 互联网区计算节点-4 | AL13: =VLOOKUP(AK13,'00设备表'!$D:$F,2,0) -> 烽火R220K V2 | AM13: 10GE-2
C14: 10 | D14: 10GE多模/LC | E14: =VLOOKUP(F14,'00设备表'!$D:$F,3,0) -> HW105-06 | F14: 政务外网区计算节点-5 | G14: =VLOOKUP(F14,'00设备表'!$D:$F,2,0) -> 烽火R220K V2 | H14: 10GE-1 | M14: 10 | N14: 10GE多模/LC | O14: =VLOOKUP(P14,'00设备表'!$D:$F,3,0) -> HW105-06 | P14: 政务外网区计算节点-5 | Q14: =VLOOKUP(P14,'00设备表'!$D:$F,2,0) -> 烽火R220K V2 | R14: 10GE-2 | X14: 10 | Y14: 10GE多模/LC | Z14: =VLOOKUP(AA14,'00设备表'!$D:$F,3,0) -> HW107-07 | AA14: 互联网区计算节点-5 | AB14: =VLOOKUP(AA14,'00设备表'!$D:$F,2,0) -> 烽火R220K V2 | AC14: 10GE-1 | AH14: 10 | AI14: 10GE多模/LC | AJ14: =VLOOKUP(AK14,'00设备表'!$D:$F,3,0) -> HW107-07 | AK14: 互联网区计算节点-5 | AL14: =VLOOKUP(AK14,'00设备表'!$D:$F,2,0) -> 烽火R220K V2 | AM14: 10GE-2
C15: 11 | D15: 10GE多模/LC | E15: =VLOOKUP(F15,'00设备表'!$D:$F,3,0) -> HW105-08 | F15: 政务外网区计算节点-6 | G15: =VLOOKUP(F15,'00设备表'!$D:$F,2,0) -> 烽火R220K V2 | H15: 10GE-1 | M15: 11 | N15: 10GE多模/LC | O15: =VLOOKUP(P15,'00设备表'!$D:$F,3,0) -> HW105-08 | P15: 政务外网区计算节点-6 | Q15: =VLOOKUP(P15,'00设备表'!$D:$F,2,0) -> 烽火R220K V2 | R15: 10GE-2 | X15: 11 | Y15: 10GE多模/LC | Z15: =VLOOKUP(AA15,'00设备表'!$D:$F,3,0) -> HW107-08 | AA15: 互联网区计算节点-6 | AB15: =VLOOKUP(AA15,'00设备表'!$D:$F,2,0) -> 烽火R220K V2 | AC15: 10GE-1 | AH15: 11 | AI15: 10GE多模/LC | AJ15: =VLOOKUP(AK15,'00设备表'!$D:$F,3,0) -> HW107-08 | AK15: 互联网区计算节点-6 | AL15: =VLOOKUP(AK15,'00设备表'!$D:$F,2,0) -> 烽火R220K V2 | AM15: 10GE-2
C16: 12 | D16: 10GE多模/LC | E16: =VLOOKUP(F16,'00设备表'!$D:$F,3,0) -> HW105-06 | F16: 政务外网区计算节点-7 | G16: =VLOOKUP(F16,'00设备表'!$D:$F,2,0) -> 烽火R220K V2 | H16: 10GE-1 | M16: 12 | N16: 10GE多模/LC | O16: =VLOOKUP(P16,'00设备表'!$D:$F,3,0) -> HW105-06 | P16: 政务外网区计算节点-7 | Q16: =VLOOKUP(P16,'00设备表'!$D:$F,2,0) -> 烽火R220K V2 | R16: 10GE-2 | X16: 12 | Y16: 10GE多模/LC | Z16: =VLOOKUP(AA16,'00设备表'!$D:$F,3,0) -> HW107-07 | AA16: 互联网区计算节点-7 | AB16: =VLOOKUP(AA16,'00设备表'!$D:$F,2,0) -> 烽火R220K V2 | AC16: 10GE-1 | AH16: 12 | AI16: 10GE多模/LC | AJ16: =VLOOKUP(AK16,'00设备表'!$D:$F,3,0) -> HW107-07 | AK16: 互联网区计算节点-7 | AL16: =VLOOKUP(AK16,'00设备表'!$D:$F,2,0) -> 烽火R220K V2 | AM16: 10GE-2
C17: 13 | D17: 10GE多模/LC | E17: =VLOOKUP(F17,'00设备表'!$D:$F,3,0) -> HW105-08 | F17: 政务外网区计算节点-8 | G17: =VLOOKUP(F17,'00设备表'!$D:$F,2,0) -> 烽火R220K V2 | H17: 10GE-1 | M17: 13 | N17: 10GE多模/LC | O17: =VLOOKUP(P17,'00设备表'!$D:$F,3,0) -> HW105-08 | P17: 政务外网区计算节点-8 | Q17: =VLOOKUP(P17,'00设备表'!$D:$F,2,0) -> 烽火R220K V2 | R17: 10GE-2 | X17: 13 | Y17: 10GE多模/LC | Z17: =VLOOKUP(AA17,'00设备表'!$D:$F,3,0) -> HW107-08 | AA17: 互联网区计算节点-8 | AB17: =VLOOKUP(AA17,'00设备表'!$D:$F,2,0) -> 烽火R220K V2 | AC17: 10GE-1 | AH17: 13 | AI17: 10GE多模/LC | AJ17: =VLOOKUP(AK17,'00设备表'!$D:$F,3,0) -> HW107-08 | AK17: 互联网区计算节点-8 | AL17: =VLOOKUP(AK17,'00设备表'!$D:$F,2,0) -> 烽火R220K V2 | AM17: 10GE-2
... C23: 19 | D23: 10GE多模/LC | E23: =VLOOKUP(F23,'00设备表'!$D:$F,3,0) -> HW105-04 | F23: 政务外网区管理节点-5 | G23: =VLOOKUP(F23,'00设备表'!$D:$F,2,0) -> 烽火R220K V2 | H23: 10GE-1 | M23: 19 | N23: 10GE多模/LC | O23: =VLOOKUP(P23,'00设备表'!$D:$F,3,0) -> HW105-04 | P23: 政务外网区管理节点-5 | Q23: =VLOOKUP(P23,'00设备表'!$D:$F,2,0) -> 烽火R220K V2 | R23: 10GE-2 | X23: 19 | Y23: 10GE多模/LC | Z23: =VLOOKUP(AA23,'00设备表'!$D:$F,3,0) -> HW107-06 | AA23: 互联网区管理节点-6 | AB23: =VLOOKUP(AA23,'00设备表'!$D:$F,2,0) -> 烽火R220K V2 | AC23: 10GE-1 | AH23: 19 | AI23: 10GE多模/LC | AJ23: =VLOOKUP(AK23,'00设备表'!$D:$F,3,0) -> HW107-06 | AK23: 互联网区管理节点-6 | AL23: =VLOOKUP(AK23,'00设备表'!$D:$F,2,0) -> 烽火R220K V2 | AM23: 10GE-2
C24: 20 | D24: 10GE多模/LC | E24: HW105-09 | F24: 政务外网区X86计算节点-1 | G24: 华为2288 | H24: 10GE-1 | M24: 20 | N24: 10GE多模/LC | O24: HW105-09 | P24: 政务外网区X86计算节点-1 | Q24: 华为2288 | R24: 10GE-2 | X24: 20 | Y24: 10GE多模/LC | Z24: =VLOOKUP(AA24,'00设备表'!$D:$F,3,0) -> HW107-04 | AA24: 互联网区管理节点-7 | AB24: =VLOOKUP(AA24,'00设备表'!$D:$F,2,0) -> 烽火R220K V2 | AC24: 10GE-1 | AH24: 20 | AI24: 10GE多模/LC | AJ24: =VLOOKUP(AK24,'00设备表'!$D:$F,3,0) -> HW107-04 | AK24: 互联网区管理节点-7 | AL24: =VLOOKUP(AK24,'00设备表'!$D:$F,2,0) -> 烽火R220K V2 | AM24: 10GE-2
C25: 21 | D25: 10GE多模/LC | E25: HW105-09 | F25: 政务外网区X86计算节点-2 | G25: 华为2288 | H25: 10GE-1 | M25: 21 | N25: 10GE多模/LC | O25: HW105-09 | P25: 政务外网区X86计算节点-2 | Q25: 华为2288 | R25: 10GE-2 | X25: 21 | Y25: 10GE多模/LC | Z25: =VLOOKUP(AA25,'00设备表'!$D:$F,3,0) -> HW107-06 | AA25: 互联网区管理节点-8 | AB25: =VLOOKUP(AA25,'00设备表'!$D:$F,2,0) -> 烽火R220K V2 | AC25: 10GE-1 | AH25: 21 | AI25: 10GE多模/LC | AJ25: =VLOOKUP(AK25,'00设备表'!$D:$F,3,0) -> HW107-06 | AK25: 互联网区管理节点-8 | AL25: =VLOOKUP(AK25,'00设备表'!$D:$F,2,0) -> 烽火R220K V2 | AM25: 10GE-2
C26: 22 | D26: 10GE多模/LC | E26: HW105-09 | F26: 政务外网区X86计算节点-3 | G26: 华为2288 | H26: 10GE-1 | M26: 22 | N26: 10GE多模/LC | O26: HW105-09 | P26: 政务外网区X86计算节点-3 | Q26: 华为2288 | R26: 10GE-2 | X26: 22 | Y26: 10GE多模/LC | Z26: =VLOOKUP(AA26,'00设备表'!$D:$F,3,0) -> HW107-04 | AA26: 互联网区管理节点-9 | AB26: =VLOOKUP(AA26,'00设备表'!$D:$F,2,0) -> 烽火R220K V2 | AC26: 10GE-1 | AH26: 22 | AI26: 10GE多模/LC | AJ26: =VLOOKUP(AK26,'00设备表'!$D:$F,3,0) -> HW107-04 | AK26: 互联网区管理节点-9 | AL26: =VLOOKUP(AK26,'00设备表'!$D:$F,2,0) -> 烽火R220K V2 | AM26: 10GE-2
C27: 23 | D27: 10GE多模/LC | E27: HW105-09 | F27: 政务外网区X86计算节点-4 | G27: 华为2288 | H27: 10GE-1 | M27: 23 | N27: 10GE多模/LC | O27: HW105-09 | P27: 政务外网区X86计算节点-4 | Q27: 华为2288 | R27: 10GE-2 | X27: 23 | Y27: 10GE多模/LC | Z27: =VLOOKUP(AA27,'00设备表'!$D:$F,3,0) -> HW107-06 | AA27: 互联网区管理节点-10 | AB27: =VLOOKUP(AA27,'00设备表'!$D:$F,2,0) -> 烽火R220K V2 | AC27: 10GE-1 | AH27: 23 | AI27: 10GE多模/LC | AJ27: =VLOOKUP(AK27,'00设备表'!$D:$F,3,0) -> HW107-06 | AK27: 互联网区管理节点-10 | AL27: =VLOOKUP(AK27,'00设备表'!$D:$F,2,0) -> 烽火R220K V2 | AM27: 10GE-2
C28: 24 | D28: 10GE多模/LC | M28: 24 | N28: 10GE多模/LC | X28: 24 | Y28: 10GE多模/LC | Z28: HW107-09 | AA28: 互联网区X86计算节点-1 | AB28: 华为2288 | AC28: 10GE-1 | AH28: 24 | AI28: 10GE多模/LC | AJ28: HW107-09 | AK28: 互联网区X86计算节点-1 | AL28: 华为2288 | AM28: 10GE-2
C29: 25 | D29: 10GE多模/LC | M29: 25 | N29: 10GE多模/LC | X29: 25 | Y29: 10GE多模/LC | Z29: HW107-09 | AA29: 互联网区X86计算节点-2 | AB29: 华为2288 | AC29: 10GE-1 | AH29: 25 | AI29: 10GE多模/LC | AJ29: HW107-09 | AK29: 互联网区X86计算节点-2 | AL29: 华为2288 | AM29: 10GE-2
C30: 26 | D30: 10GE多模/LC | M30: 26 | N30: 10GE多模/LC | X30: 26 | Y30: 10GE多模/LC | Z30: HW107-09 | AA30: 互联网区X86计算节点-3 | AB30: 华为2288 | AC30: 10GE-1 | AH30: 26 | AI30: 10GE多模/LC | AJ30: HW107-09 | AK30: 互联网区X86计算节点-3 | AL30: 华为2288 | AM30: 10GE-2
C31: 27 | D31: 10GE多模/LC | M31: 27 | N31: 10GE多模/LC | X31: 27 | Y31: 10GE多模/LC | Z31: HW107-09 | AA31: 互联网区X86计算节点-4 | AB31: 华为2288 | AC31: 10GE-1 | AH31: 27 | AI31: 10GE多模/LC | AJ31: HW107-09 | AK31: 互联网区X86计算节点-4 | AL31: 华为2288 | AM31: 10GE-2
C32: 28 | D32: 10GE多模/LC | M32: 28 | N32: 10GE多模/LC | X32: 28 | Y32: 10GE多模/LC | Z32: HW107-09 | AA32: 互联网区X86计算节点-5 | AB32: 华为2288 | AC32: 10GE-1 | AH32: 28 | AI32: 10GE多模/LC | AJ32: HW107-09 | AK32: 互联网区X86计算节点-5 | AL32: 华为2288 | AM32: 10GE-2
C33: 29 | D33: 10GE多模/LC | M33: 29 | N33: 10GE多模/LC | X33: 29 | Y33: 10GE多模/LC | Z33: HW107-09 | AA33: 互联网区X86计算节点-6 | AB33: 华为2288 | AC33: 10GE-1 | AH33: 29 | AI33: 10GE多模/LC | AJ33: HW107-09 | AK33: 互联网区X86计算节点-6 | AL33: 华为2288 | AM33: 10GE-2
C34: 30 | D34: 10GE多模/LC | M34: 30 | N34: 10GE多模/LC | X34: 30 | Y34: 10GE多模/LC | AH34: 30 | AI34: 10GE多模/LC
C35: 31 | D35: 10GE多模/LC | M35: 31 | N35: 10GE多模/LC | X35: 31 | Y35: 10GE多模/LC | AH35: 31 | AI35: 10GE多模/LC
C36: 32 | D36: 10GE多模/LC | M36: 32 | N36: 10GE多模/LC | X36: 32 | Y36: 10GE多模/LC | AH36: 32 | AI36: 10GE多模/LC
C37: 33 | D37: 10GE多模/LC | M37: 33 | N37: 10GE多模/LC | X37: 33 | Y37: 10GE多模/LC | AH37: 33 | AI37: 10GE多模/LC
C38: 34 | D38: 10GE多模/LC | M38: 34 | N38: 10GE多模/LC | X38: 34 | Y38: 10GE多模/LC | AH38: 34 | AI38: 10GE多模/LC
C39: 35 | D39: 10GE多模/LC | M39: 35 | N39: 10GE多模/LC | X39: 35 | Y39: 10GE多模/LC | AH39: 35 | AI39: 10GE多模/LC
C40: 36 | D40: 10GE多模/LC | M40: 36 | N40: 10GE多模/LC | X40: 36 | Y40: 10GE多模/LC | AH40: 36 | AI40: 10GE多模/LC
C41: 37 | D41: 10GE多模/LC | M41: 37 | N41: 10GE多模/LC | X41: 37 | Y41: 10GE多模/LC | AH41: 37 | AI41: 10GE多模/LC
C42: 38 | D42: 10GE多模/LC | M42: 38 | N42: 10GE多模/LC | X42: 38 | Y42: 10GE多模/LC | AH42: 38 | AI42: 10GE多模/LC
C43: 39 | D43: 10GE多模/LC | M43: 39 | N43: 10GE多模/LC | X43: 39 | Y43: 10GE多模/LC | AH43: 39 | AI43: 10GE多模/LC
C44: 40 | D44: 10GE多模/LC | M44: 40 | N44: 10GE多模/LC | X44: 40 | Y44: 10GE多模/LC | AH44: 40 | AI44: 10GE多模/LC
C45: 41 | D45: 10GE多模/LC | M45: 41 | N45: 10GE多模/LC | X45: 41 | Y45: 10GE多模/LC | AH45: 41 | AI45: 10GE多模/LC
... C50: 46 | D50: 10GE多模/LC | M50: 46 | N50: 10GE多模/LC | X50: 46 | Y50: 10GE多模/LC | AH50: 46 | AI50: 10GE多模/LC
C51: 47 | D51: 10GE多模/LC | E51: =VLOOKUP(F51,'00设备表'!$D:$F,3,0) -> HW105-08 | F51: 政务外网区万兆业务交换机-2 | G51: =VLOOKUP(F51,'00设备表'!$D:$F,2,0) -> 华为CE6881H | H51: 0/47 | I51: M-LAG检测 | M51: 47 | N51: 10GE多模/LC | O51: =VLOOKUP(F51,'00设备表'!D:F,3,0) -> HW105-08 | P51: =$B$1 -> 政务外网区万兆业务交换机-1 | Q51: =VLOOKUP(P51,'00设备表'!$D:$F,2,0) -> 华为CE6881H | R51: 0/47 | S51: M-LAG检测 | X51: 47 | Y51: 10GE多模/LC | Z51: =VLOOKUP(AA51,'00设备表'!$D:$F,3,0) -> HW107-08 | AA51: 互联网区万兆业务交换机-2 | AB51: =VLOOKUP(AA51,'00设备表'!$D:$F,2,0) -> 华为CE6881H | AC51: 0/47 | AD51: M-LAG检测 | AH51: 47 | AI51: 10GE多模/LC | AJ51: =VLOOKUP(AK51,'00设备表'!$D:$F,3,0) -> HW107-07 | AK51: 互联网区万兆业务交换机-1 | AL51: =VLOOKUP(AK51,'00设备表'!$D:$F,2,0) -> 华为CE6881H | AM51: 0/47 | AN51: M-LAG检测
C52: 48 | D52: 10GE多模/LC | E52: =VLOOKUP(F52,'00设备表'!$D:$F,3,0) -> HW105-08 | F52: 政务外网区万兆业务交换机-2 | G52: =VLOOKUP(F52,'00设备表'!$D:$F,2,0) -> 华为CE6881H | H52: 0/48 | I52: M-LAG检测 | M52: 48 | N52: 10GE多模/LC | O52: =VLOOKUP(F52,'00设备表'!D:F,3,0) -> HW105-08 | P52: =$B$1 -> 政务外网区万兆业务交换机-1 | Q52: =VLOOKUP(P52,'00设备表'!$D:$F,2,0) -> 华为CE6881H | R52: 0/48 | S52: M-LAG检测 | X52: 48 | Y52: 10GE多模/LC | Z52: =VLOOKUP(AA52,'00设备表'!$D:$F,3,0) -> HW107-08 | AA52: 互联网区万兆业务交换机-2 | AB52: =VLOOKUP(AA52,'00设备表'!$D:$F,2,0) -> 华为CE6881H | AC52: 0/48 | AD52: M-LAG检测 | AH52: 48 | AI52: 10GE多模/LC | AJ52: =VLOOKUP(AK52,'00设备表'!$D:$F,3,0) -> HW107-07 | AK52: 互联网区万兆业务交换机-1 | AL52: =VLOOKUP(AK52,'00设备表'!$D:$F,2,0) -> 华为CE6881H | AM52: 0/48 | AN52: M-LAG检测
B53: 6端口 40G光口 | C53: 49 | D53: 40GE多模/LC | E53: =VLOOKUP(F53,'00设备表'!$D:$F,3,0) -> HW105-01 | F53: 政务外网区核心交换机-1 | G53: =VLOOKUP(F53,'00设备表'!$D:$F,2,0) -> 华为CE8865-4C | H53: 1/1 | L53: 6端口 40G光口 | M53: 49 | N53: 40GE多模/LC | O53: =VLOOKUP(P53,'00设备表'!$D:$F,3,0) -> HW105-01 | P53: 政务外网区核心交换机-1 | Q53: =VLOOKUP(P53,'00设备表'!$D:$F,2,0) -> 华为CE8865-4C | R53: 1/2 | W53: 6端口 40G光口 | X53: 49 | Y53: 40GE多模/LC | Z53: =VLOOKUP(AA53,'00设备表'!$D:$F,3,0) -> HW107-02 | AA53: 互联网区核心交换机-1 | AB53: =VLOOKUP(AA53,'00设备表'!$D:$F,2,0) -> 华为CE8865-4C | AC53: 1/1 | AG53: 6端口 40G光口 | AH53: 49 | AI53: 40GE多模/LC | AJ53: =VLOOKUP(AK53,'00设备表'!$D:$F,3,0) -> HW107-02 | AK53: 互联网区核心交换机-1 | AL53: =VLOOKUP(AK53,'00设备表'!$D:$F,2,0) -> 华为CE8865-4C | AM53: 1/2
C54: 50 | D54: 40GE多模/LC | E54: =VLOOKUP(F54,'00设备表'!$D:$F,3,0) -> HW105-02 | F54: 政务外网区核心交换机-2 | G54: =VLOOKUP(F54,'00设备表'!$D:$F,2,0) -> 华为CE8865-4C | H54: 1/1 | M54: 50 | N54: 40GE多模/LC | O54: =VLOOKUP(P54,'00设备表'!$D:$F,3,0) -> HW105-02 | P54: 政务外网区核心交换机-2 | Q54: =VLOOKUP(P54,'00设备表'!$D:$F,2,0) -> 华为CE8865-4C | R54: 1/2 | X54: 50 | Y54: 40GE多模/LC | Z54: =VLOOKUP(AA54,'00设备表'!$D:$F,3,0) -> HW107-03 | AA54: 互联网区核心交换机-2 | AB54: =VLOOKUP(AA54,'00设备表'!$D:$F,2,0) -> 华为CE8865-4C | AC54: 1/1 | AH54: 50 | AI54: 40GE多模/LC | AJ54: =VLOOKUP(AK54,'00设备表'!$D:$F,3,0) -> HW107-03 | AK54: 互联网区核心交换机-2 | AL54: =VLOOKUP(AK54,'00设备表'!$D:$F,2,0) -> 华为CE8865-4C | AM54: 1/2
C55: 51 | D55: 40GE多模/LC | M55: 51 | N55: 40GE多模/LC | X55: 51 | Y55: 40GE多模/LC | AH55: 51 | AI55: 40GE多模/LC
C56: 52 | D56: 40GE多模/LC | M56: 52 | N56: 40GE多模/LC | X56: 52 | Y56: 40GE多模/LC | AH56: 52 | AI56: 40GE多模/LC
C57: 53 | D57: 40GE多模/LC | E57: =VLOOKUP(F57,'00设备表'!$D:$F,3,0) -> HW105-08 | F57: 政务外网区万兆业务交换机-2 | G57: =VLOOKUP(F57,'00设备表'!$D:$F,2,0) -> 华为CE6881H | H57: 0/53 | I57: M-LAG | M57: 53 | N57: 40GE多模/LC | O57: =VLOOKUP(F57,'00设备表'!D:F,3,0) -> HW105-08 | P57: =$B$1 -> 政务外网区万兆业务交换机-1 | Q57: =VLOOKUP(P57,'00设备表'!$D:$F,2,0) -> 华为CE6881H | R57: 0/53 | S57: M-LAG | X57: 53 | Y57: 40GE多模/LC | Z57: =VLOOKUP(AA57,'00设备表'!$D:$F,3,0) -> HW107-08 | AA57: 互联网区万兆业务交换机-2 | AB57: =VLOOKUP(AA57,'00设备表'!$D:$F,2,0) -> 华为CE6881H | AC57: 0/53 | AD57: M-LAG | AH57: 53 | AI57: 40GE多模/LC | AJ57: =VLOOKUP(AK57,'00设备表'!$D:$F,3,0) -> HW107-07 | AK57: 互联网区万兆业务交换机-1 | AL57: =VLOOKUP(AK57,'00设备表'!$D:$F,2,0) -> 华为CE6881H | AM57: 0/53 | AN57: M-LAG
C58: 54 | D58: 40GE多模/LC | E58: =VLOOKUP(F58,'00设备表'!$D:$F,3,0) -> HW105-08 | F58: 政务外网区万兆业务交换机-2 | G58: =VLOOKUP(F58,'00设备表'!$D:$F,2,0) -> 华为CE6881H | H58: 0/54 | I58: M-LAG | M58: 54 | N58: 40GE多模/LC | O58: =VLOOKUP(F58,'00设备表'!D:F,3,0) -> HW105-08 | P58: =$B$1 -> 政务外网区万兆业务交换机-1 | Q58: =VLOOKUP(P58,'00设备表'!$D:$F,2,0) -> 华为CE6881H | R58: 0/54 | S58: M-LAG | X58: 54 | Y58: 40GE多模/LC | Z58: =VLOOKUP(AA58,'00设备表'!$D:$F,3,0) -> HW107-08 | AA58: 互联网区万兆业务交换机-2 | AB58: =VLOOKUP(AA58,'00设备表'!$D:$F,2,0) -> 华为CE6881H | AC58: 0/54 | AD58: M-LAG | AH58: 54 | AI58: 40GE多模/LC | AJ58: =VLOOKUP(AK58,'00设备表'!$D:$F,3,0) -> HW107-07 | AK58: 互联网区万兆业务交换机-1 | AL58: =VLOOKUP(AK58,'00设备表'!$D:$F,2,0) -> 华为CE6881H | AM58: 0/54 | AN58: M-LAG

Sheet 05业务（存储）交换机(4台)
A1: =VLOOKUP(B1,'00设备表'!$D:$F,3,0) -> HW106-04 | B1: ='00设备表'!D63 -> 政务外网区万兆存储交换机-1 | C1: =VLOOKUP(B1,'00设备表'!$D:$F,2,0) -> 华为CE6881H | K1: =VLOOKUP(L1,'00设备表'!$D:$F,3,0) -> HW106-06 | L1: ='00设备表'!D69 -> 政务外网区万兆存储交换机-2 | M1: =VLOOKUP(L1,'00设备表'!$D:$F,2,0) -> 华为CE6881H | V1: =VLOOKUP(W1,'00设备表'!$D:$F,3,0) -> HW108-01 | W1: ='00设备表'!D130 -> 互联网区万兆存储交换机-1 | X1: =VLOOKUP(W1,'00设备表'!$D:$F,2,0) -> 华为CE6881H | AF1: =VLOOKUP(AG1,'00设备表'!$D:$F,3,0) -> HW108-03 | AG1: ='00设备表'!D140 -> 互联网区万兆存储交换机-2 | AH1: =VLOOKUP(AG1,'00设备表'!$D:$F,2,0) -> 华为CE6881H
A2: 槽位号 | B2: 板卡名称 | C2: 端口号 | D2: 模块型号 | E2: 对端设备位置 | F2: 对端设备名称 | G2: 对端设备型号 | H2: 对端设备端口号 | I2: 备注 | K2: 槽位号 | L2: 板卡名称 | M2: 端口号 | N2: 模块型号 | O2: 对端设备位置 | P2: 对端设备名称 | Q2: 对端设备型号 | R2: 对端设备端口号 | S2: 备注 | V2: 槽位号 | W2: 板卡名称 | X2: 端口号 | Y2: 模块型号 | Z2: 对端设备位置 | AA2: 对端设备名称 | AB2: 对端设备型号 | AC2: 对端设备端口号 | AD2: 备注 | AF2: 槽位号 | AG2: 板卡名称 | AH2: 端口号 | AI2: 模块型号 | AJ2: 对端设备位置 | AK2: 对端设备名称 | AL2: 对端设备型号 | AM2: 对端设备端口号 | AN2: 备注
A3: 串口 | D3: 电口 | K3: 串口 | N3: 电口 | V3: 串口 | Y3: 电口 | AF3: 串口 | AI3: 电口
A4: 管理口 | D4: 电口 | E4: =VLOOKUP(F4,'00设备表'!$D:$F,3,0) -> HW106-04 | F4: 政务外网区千兆BMC交换机-3 | G4: =VLOOKUP(F4,'00设备表'!$D:$F,2,0) -> 华为5855 | H4: 0/1 | K4: 管理口 | N4: 电口 | O4: =VLOOKUP(P4,'00设备表'!$D:$F,3,0) -> HW106-04 | P4: 政务外网区千兆BMC交换机-3 | Q4: =VLOOKUP(P4,'00设备表'!$D:$F,2,0) -> 华为5855 | R4: 0/2 | V4: 管理口 | Y4: 电口 | Z4: =VLOOKUP(AA4,'00设备表'!$D:$F,3,0) -> HW108-03 | AA4: 互联网区千兆BMC交换机-3 | AB4: =VLOOKUP(AA4,'00设备表'!$D:$F,2,0) -> 华为5855 | AC4: 0/3 | AF4: 管理口 | AI4: 电口 | AJ4: =VLOOKUP(AK4,'00设备表'!$D:$F,3,0) -> HW108-03 | AK4: 互联网区千兆BMC交换机-3 | AL4: =VLOOKUP(AK4,'00设备表'!$D:$F,2,0) -> 华为5855 | AM4: 0/4
A5: 0 | B5: 48端口 10GE光口 | C5: 1 | D5: 10GE多模/LC | E5: =VLOOKUP(F5,'00设备表'!$D:$F,3,0) -> HW106-04 | F5: 政务外网区普通块存储-1 | G5: =VLOOKUP(F5,'00设备表'!$D:$F,2,0) -> 华为9520 | H5: 10GE-1 | K5: 0 | L5: 48端口 10GE光口 | M5: 1 | N5: 10GE多模/LC | O5: =VLOOKUP(P5,'00设备表'!$D:$F,3,0) -> HW106-04 | P5: 政务外网区普通块存储-1 | Q5: =VLOOKUP(P5,'00设备表'!$D:$F,2,0) -> 华为9520 | R5: 10GE-3 | V5: 0 | W5: 48端口 10GE光口 | X5: 1 | Y5: 10GE多模/LC | Z5: =VLOOKUP(AA5,'00设备表'!$D:$F,3,0) -> HW108-01 | AA5: 互联网区普通块存储-1 | AB5: =VLOOKUP(AA5,'00设备表'!$D:$F,2,0) -> 华为9520 | AC5: 10GE-1 | AF5: 0 | AG5: 48端口 10GE光口 | AH5: 1 | AI5: 10GE多模/LC | AJ5: =VLOOKUP(AK5,'00设备表'!$D:$F,3,0) -> HW108-01 | AK5: 互联网区普通块存储-1 | AL5: =VLOOKUP(AK5,'00设备表'!$D:$F,2,0) -> 华为9520 | AM5: 10GE-3
C6: 2 | D6: 10GE多模/LC | E6: =VLOOKUP(F6,'00设备表'!$D:$F,3,0) -> HW106-04 | F6: 政务外网区普通块存储-1 | G6: =VLOOKUP(F6,'00设备表'!$D:$F,2,0) -> 华为9520 | H6: 10GE-2 | M6: 2 | N6: 10GE多模/LC | O6: =VLOOKUP(P6,'00设备表'!$D:$F,3,0) -> HW106-04 | P6: 政务外网区普通块存储-1 | Q6: =VLOOKUP(P6,'00设备表'!$D:$F,2,0) -> 华为9520 | R6: 10GE-4 | X6: 2 | Y6: 10GE多模/LC | Z6: =VLOOKUP(AA6,'00设备表'!$D:$F,3,0) -> HW108-01 | AA6: 互联网区普通块存储-1 | AB6: =VLOOKUP(AA6,'00设备表'!$D:$F,2,0) -> 华为9520 | AC6: 10GE-2 | AH6: 2 | AI6: 10GE多模/LC | AJ6: =VLOOKUP(AK6,'00设备表'!$D:$F,3,0) -> HW108-01 | AK6: 互联网区普通块存储-1 | AL6: =VLOOKUP(AK6,'00设备表'!$D:$F,2,0) -> 华为9520 | AM6: 10GE-4
